Country Name,Country Code,Indicator Name,1920Q1,1920Q2,1920Q3,1920Q4,1921Q1,1921Q2,1921Q3,1921Q4,1922Q1,1922Q2,1922Q3,1922Q4,1923Q1,1923Q2,1923Q3,1923Q4,1924Q1,1924Q2,1924Q3,1924Q4,1925Q1,1925Q2,1925Q3,1925Q4,1926Q1,1926Q2,1926Q3,1926Q4,1927Q1,1927Q2,1927Q3,1927Q4,1928Q1,1928Q2,1928Q3,1928Q4,1929Q1,1929Q2,1929Q3,1929Q4,1930Q1,1930Q2,1930Q3,1930Q4,1931Q1,1931Q2,1931Q3,1931Q4,1932Q1,1932Q2,1932Q3,1932Q4,1933Q1,1933Q2,1933Q3,1933Q4,1934Q1,1934Q2,1934Q3,1934Q4,1935Q1,1935Q2,1935Q3,1935Q4,1936Q1,1936Q2,1936Q3,1936Q4,1937Q1,1937Q2,1937Q3,1937Q4,1938Q1,1938Q2,1938Q3,1938Q4,1939Q1,1939Q2,1939Q3,1939Q4,1940Q1,1940Q2,1940Q3,1940Q4,1941Q1,1941Q2,1941Q3,1941Q4,1942Q1,1942Q2,1942Q3,1942Q4,1943Q1,1943Q2,1943Q3,1943Q4,1944Q1,1944Q2,1944Q3,1944Q4,1945Q1,1945Q2,1945Q3,1945Q4,1946Q1,1946Q2,1946Q3,1946Q4,1947Q1,1947Q2,1947Q3,1947Q4,1948Q1,1948Q2,1948Q3,1948Q4,1949Q1,1949Q2,1949Q3,1949Q4,1950Q1,1950Q2,1950Q3,1950Q4,1951Q1,1951Q2,1951Q3,1951Q4,1952Q1,1952Q2,1952Q3,1952Q4,1953Q1,1953Q2,1953Q3,1953Q4,1954Q1,1954Q2,1954Q3,1954Q4,1955Q1,1955Q2,1955Q3,1955Q4,1956Q1,1956Q2,1956Q3,1956Q4,1957Q1,1957Q2,1957Q3,1957Q4,1958Q1,1958Q2,1958Q3,1958Q4,1959Q1,1959Q2,1959Q3,1959Q4,1960Q1,1960Q2,1960Q3,1960Q4,1961Q1,1961Q2,1961Q3,1961Q4,1962Q1,1962Q2,1962Q3,1962Q4,1963Q1,1963Q2,1963Q3,1963Q4,1964Q1,1964Q2,1964Q3,1964Q4,1965Q1,1965Q2,1965Q3,1965Q4,1966Q1,1966Q2,1966Q3,1966Q4,1967Q1,1967Q2,1967Q3,1967Q4,1968Q1,1968Q2,1968Q3,1968Q4,1969Q1,1969Q2,1969Q3,1969Q4,1970Q1,1970Q2,1970Q3,1970Q4,1971Q1,1971Q2,1971Q3,1971Q4,1972Q1,1972Q2,1972Q3,1972Q4,1973Q1,1973Q2,1973Q3,1973Q4,1974Q1,1974Q2,1974Q3,1974Q4,1975Q1,1975Q2,1975Q3,1975Q4,1976Q1,1976Q2,1976Q3,1976Q4,1977Q1,1977Q2,1977Q3,1977Q4,1978Q1,1978Q2,1978Q3,1978Q4,1979Q1,1979Q2,1979Q3,1979Q4,1980Q1,1980Q2,1980Q3,1980Q4,1981Q1,1981Q2,1981Q3,1981Q4,1982Q1,1982Q2,1982Q3,1982Q4,1983Q1,1983Q2,1983Q3,1983Q4,1984Q1,1984Q2,1984Q3,1984Q4,1985Q1,1985Q2,1985Q3,1985Q4,1986Q1,1986Q2,1986Q3,1986Q4,1987Q1,1987Q2,1987Q3,1987Q4,1988Q1,1988Q2,1988Q3,1988Q4,1989Q1,1989Q2,1989Q3,1989Q4,1990Q1,1990Q2,1990Q3,1990Q4,1991Q1,1991Q2,1991Q3,1991Q4,1992Q1,1992Q2,1992Q3,1992Q4,1993Q1,1993Q2,1993Q3,1993Q4,1994Q1,1994Q2,1994Q3,1994Q4,1995Q1,1995Q2,1995Q3,1995Q4,1996Q1,1996Q2,1996Q3,1996Q4,1997Q1,1997Q2,1997Q3,1997Q4,1998Q1,1998Q2,1998Q3,1998Q4,1999Q1,1999Q2,1999Q3,1999Q4,2000Q1,2000Q2,2000Q3,2000Q4,2001Q1,2001Q2,2001Q3,2001Q4,2002Q1,2002Q2,2002Q3,2002Q4,2003Q1,2003Q2,2003Q3,2003Q4,2004Q1,2004Q2,2004Q3,2004Q4,2005Q1,2005Q2,2005Q3,2005Q4,2006Q1,2006Q2,2006Q3,2006Q4,2007Q1,2007Q2,2007Q3,2007Q4,2008Q1,2008Q2,2008Q3,2008Q4,2009Q1,2009Q2,2009Q3,2009Q4,2010Q1,2010Q2,2010Q3,2010Q4,2011Q1,2011Q2,2011Q3,2011Q4,2012Q1,2012Q2,2012Q3,2012Q4,2013Q1,2013Q2,2013Q3,2013Q4,2014Q1,2014Q2,2014Q3,2014Q4,2015Q1,2015Q2,2015Q3,2015Q4,2016Q1,2016Q2,2016Q3,2016Q4,2017Q1,2017Q2,2017Q3,2017Q4,2018Q1,2018Q2,2018Q3,2018Q4,2019Q1,2019Q2,2019Q3,2019Q4,2020Q1,2020Q2,2020Q3,2020Q4,2021Q1,2021Q2,2021Q3,2021Q4,2022Q1,2022Q2,2022Q3,2022Q4,2023Q1,2023Q2,2023Q3,Base Year,Unnamed: 1770
Italy,136,"Exchange Rates, Real Effective Exchange Rate based on Consumer Price Index, Index",,,,,,,,,,,,,,,,,,,,,,,,,,,,,,,,,,,,,,,,,,,,,,,,,,,,,,,,,,,,,,,,,,,,,,,,,,,,,,,,,,,,,,,,,,,,,,,,,,,,,,,,,,,,,,,,,,,,,,,,,,,,,,,,,,,,,,,,,,,,,,,,,,,,,,,,,,,,,,,,,,,,,,,,,,,,,,,,,,,,,,,,,,,,,,,,,,,,,,,,,,,,,,,,,,,,,,,,,,,,,,,,,,,,,,,,,,,,,,,,,,,,,,,,,,,,,,,,,,,,,,,,,,,,,,,,,,,,,,,,,,,,,,,,,,,,,,,,,,,,,,,,,,,,,,,,,,,,,,,,,,,,,,,,,,,,,,,,,,,,,,,,,,,,,,,,,,,,,,,,,,,,,,,,,,,,,,,,,,,,,,,,,,,,,,,,,,,,,,,,,,,,,,,,,,,,,,,,,
Italy,136,"Exchange Rates, Real Effective Exchange Rate based on Consumer Price Index, Index",,,,,,,,,,,,,,,,,,,,,,,,,,,,,,,,,,,,,,,,,,,,,,,,,,,,,,,,,,,,,,,,,,,,,,,,,,,,,,,,,,,,,,,,,,,,,,,,,,,,,,,,,,,,,,,,,,,,,,,,,,,,,,,,,,,,,,,,,,,,,,,,,,,,,,,,,,,,,,,,,,,,,,,,,,,,,,,,,,,,,,,,,,,,,,,,,,,,,,,,,,,,,,,,,,,,,,,,,,,,,,,,,,,,,,,,,,,,,,,,,97.1790489106389,96.5023061382014,98.1673807845988,97.5969018660012,95.5810288911452,93.407712274942,93.6195973521512,92.6360935643648,93.3385112603023,93.409710257937,95.6922834796264,97.255488910964,100.310055686694,100.323743146774,100.009512513047,99.868303631325,100.119847594202,101.406295661696,101.429357166005,100.983458101171,101.436535137284,100.684158715153,99.3009168009585,100.922883587639,104.457688491284,106.029968006006,109.098146712521,111.186700210112,111.484388638766,110.216447300012,110.300322019553,111.362313839372,111.537015587403,109.875288621419,108.349466776379,110.090212275115,110.861212247801,111.57694103556,113.733164356379,114.436060689772,117.229457849826,118.705126018982,118.77324275441,118.673709175535,119.40909287884,117.757020462522,117.509117059727,118.539301827404,119.468308937991,119.513512204405,119.967006020992,106.950907407936,98.6161346523077,99.9807286719473,98.6875337581867,95.1107286733486,95.3849480805879,97.7492868512434,95.5361322243668,94.0794801689375,89.7253650660379,84.9539673059397,90.5633466066233,91.8153052581256,95.8040941744701,99.2984628422417,100.565899430226,101.422018845985,100.082789915639,98.789575309157,97.5198001908102,98.7156535158381,98.0152633503065,98.5950885940801,99.7352284507662,100.657117696285,99.7336662341428,97.9075231787324,97.540416261859,96.7691518127842,94.8574781265468,93.4541801750705,92.6480617060553,91.8028773113682,94.7690405473172,93.5807100299937,94.5699332735792,94.9253610908736,94.2624059970233,95.7018847509406,98.0457812684089,99.0282661364486,101.055731243379,103.281651142274,102.933600213008,104.273014674768,105.262031584963,103.969158597744,104.152569566129,105.156209956271,104.625181135713,103.312501693067,102.039188009606,101.350370969638,101.217866134237,102.569368764488,103.054616218382,102.933430873631,102.903245297727,102.939282786594,102.844221164747,103.632376130129,104.293835152122,105.188545511314,103.757367858522,102.490145861464,104.371689209589,104.890035218142,105.267728911729,105.731981336475,102.572030602898,99.0119614377848,98.7841031952284,99.6319047640889,99.239056858877,100.533270817246,99.9180170663032,99.7757892527962,98.1652485944821,98.0740904394246,96.8703854409491,97.9078392134861,98.8481038056138,98.7368558841865,99.9307898767648,100.506843551095,101.089508026328,100.265223670163,98.5437559318452,97.4743878261916,94.0150177188756,92.6546038180534,94.2888224802855,94.3463732478539,94.9958385437173,94.8259379504293,94.5636657040873,94.2177236588549,94.0007405792438,94.6607399361676,96.5795668404891,96.4656909013468,97.1679934748164,96.6538685478725,97.3840194616248,96.4536878149441,95.3855054730216,94.945714863789,94.4483544947759,93.5236383273967,93.1119852594942,94.8506199155019,96.2260790968878,96.1906739549431,95.5274342948229,95.6693627912601,94.7079157349256,93.7760546505078,93.8983116387008,92.0107184303439,91.1522218702942,95.1176645078796,95.2044333381448,95.7540745639732,,,
Italy,136,"Exchange Rates, Real Effective Exchange Rate based on Consumer Price Index, Index",,,,,,,,,,,,,,,,,,,,,,,,,,,,,,,,,,,,,,,,,,,,,,,,,,,,,,,,,,,,,,,,,,,,,,,,,,,,,,,,,,,,,,,,,,,,,,,,,,,,,,,,,,,,,,,,,,,,,,,,,,,,,,,,,,,,,,,,,,,,,,,,,,,,,,,,,,,,,,,,,,,,,,,,,,,,,,,,,,,,,,,,,,,,,,,,,,,,,,,,,,,,,,,,,,,,,,,,,,,,,,,,,,,,,,,,,,,,,,,,,,,,,,,,,,,,,,,,,,,,,,,,,,,,,,,,,,,,,,,,,,,,,,,,,,,,,,,,,,,,,,,,,,,,,,,,,,,,,,,,,,,,,,,,,,,,,,,,,,,,,,,,,,,,,,,,,,,,,,,,,,,,,,,,,,,,,,,,,,,,,,,,,,,,,,,,,,,,,,,,,,,,,,,,,,,,,,,,,
Italy,136,"Prices, Consumer Price Index, All items, Index",,,,,,,,,,,,,,,,,,,,,,,,,,,,,,,,,,,,,,,,,,,,,,,,,,,,,,,,,,,,,,,,,,,,,,,,,,,,,,,,,,,,,,,,,,,,,,,,,,,,,,,,,,,,,,,,,,,,,,,,,,,,,,,,,,,,,,,,,,,,,,,,,,,,,,,,,,,,,,,,,,,,,,,,,,,,,,,,,,,,,,,,,,,,,,,,,,,,,,,,,,,,,,,,,,,,,,,,,,,,,,,,,,,,,,,,,,,,,,,,,,,,,,,,,,,,,,,,,,,,,,,,,,,,,,,,,,,,,,,,,,,,,,,,,,,,,,,,,,,,,,,,,,,,,,,,,,,,,,,,,,,,,,,,,,,,,,,,,,,,,,,,,,,,,,,,,,,,,,,,,,,,,,,,,,,,,,,,,,,,,,,,,,,,,,,,,,,,,,,,,,,,,,,,,,,,,,,,2010=100,
Italy,136,"Prices, Consumer Price Index, All items, Index",,,,,,,,,,,,,,,,,,,,,,,,,,,,,,,,,,,,,,,,,,,,,,,,,,,,,,,,,,,,,,,,,,,,,,,,,,,,,,,,,,,,,,,,,,,,,,,,,,,,,,,,,,,,,,,,,,,,,,,,,,,,,,,,,,,,,,,,,,,,,3.76297258801066,3.77016074706171,3.77854681314121,3.81089317043076,3.87319007095296,3.9175169322877,3.91512075979063,3.92829881242411,3.94746711708019,3.92829845398395,3.95585354159985,4.00856611057393,4.03971456083503,4.09602120933464,4.09841738183171,4.05888286549111,4.03731838833796,4.03252640178399,4.03372430881244,4.10680344791121,4.13675399114386,4.13076373912126,4.15472438877148,4.16910034843341,4.19905125010622,4.21582374070539,4.23738750097821,4.27931818981588,4.34161509033808,4.4075060703858,4.45303048030883,4.5237138053507,4.67705988415913,4.73935714312149,4.76331743433154,4.86754430681109,4.94062380435002,4.9993266253467,5.08079183052497,5.15267306259529,5.21496996311749,5.24491978946981,5.29643516829577,5.32878116714516,5.3647219624004,5.3814940945594,5.39347388172426,5.44019691555608,5.54423273942815,5.57840104807187,5.62156082823227,5.64134242400914,5.655729136876,5.67191378560602,5.661124019786,5.68270355142604,5.72766198432995,5.78520811891704,5.85174608346098,5.90929257648824,6.00100666127889,6.08013304438635,6.12689013003376,6.22220116187125,6.29689184794785,6.36611094491933,6.42311511797829,6.5147277642025,6.59616214352667,6.68573992493923,6.80585537457324,6.98500986207787,7.17638034881551,7.42475465017194,7.59576573558817,7.79935114623833,8.21670130975918,8.64219451692826,9.15930108720189,9.72526771156575,10.0693268978508,10.3441666287243,10.5416449358583,10.8470230518336,11.2989838391607,12.0135665659274,12.349482350124,13.0852094621716,13.5871296395722,14.1036132408406,14.4614906538923,14.9454350570628,15.3358480838107,15.8075947681966,16.1858064917582,16.6738191907914,17.3163733665803,17.954855662105,18.5811438232466,19.6222368643038,20.8910756168327,21.708498411084,22.6316610537476,23.720190066123,24.7234210726453,25.8144878413826,26.5863994879969,27.811064074701,28.9318240266331,29.8076438924211,31.0323120635268,32.4573769615828,33.6003960477061,34.5727080056724,35.3668859552812,36.5915541263869,37.6603510077281,38.5139117393249,39.07057648299,40.013198842163,41.1764877195667,42.1511617982144,42.6455654853736,43.5778647678203,44.2558973510528,44.7079226576094,44.962185772422,45.4989606713807,46.1487481696813,46.6855230686399,47.16579704453,47.9427125158353,48.5218657953966,49.0303920250218,49.5106695853135,50.38646436029,51.3611348545361,52.1945512489099,52.6748288092016,53.5788758379133,54.6806814739672,55.3728401840673,56.1215069860391,57.1809342414905,58.1470021717979,58.9845872252804,59.6732654813869,60.510854119271,61.4601147902833,62.2232482372786,62.6885752583254,63.4517087053207,64.2706799610809,65.0524272057984,65.7038814508622,66.355335695926,67.0812451318785,67.6954753658995,68.2166366113096,68.9797664739032,70.0034823358044,71.3063944103335,72.0695278573288,72.8326613043241,73.6270937464495,74.4380180205255,74.6288228886842,74.9865820164817,75.46359777128,75.845211091999,75.988314743118,76.4653269135147,76.990040300951,77.3955042301898,77.5386078813088,77.7771139665072,78.0633284375485,78.5164828306221,78.8742491272228,79.3989625146592,79.8998288779774,80.4722434824534,80.94925565285,81.5216738417277,82.2133414888029,82.9288669132012,83.2150742154392,83.4774309091574,84.1929527491541,84.8130721550714,85.2185360843102,85.7909506887862,86.4826183358614,87.1027377417788,87.5558993036556,87.9613596484928,88.462226011811,89.1300466347679,89.5116563710853,89.702461239244,90.1556263855225,90.7757386226365,91.3243133717976,91.6343641137522,92.0875328444323,92.803054684429,93.3039138789438,93.3039138789438,93.6855307840645,94.281799581462,94.8303635774181,95.4981806159735,96.5476109752478,97.6447461359635,98.5987704767569,98.1694595233999,97.9786546552412,98.4795174341577,98.7180271037577,98.8134259534354,99.242740491194,99.8628527283081,100.31602504339,100.578381737108,101.563601125384,102.530557987298,103.130737366886,103.897634435605,104.864587713117,105.898225198761,106.398381850554,106.465066058685,106.865182060676,107.131929646404,107.598744194132,107.198617438937,107.398673647731,107.59871910332,107.532034895189,107.298643751133,107.131933230806,107.665424817861,107.732094688385,107.465350687059,107.030233003043,107.245297101509,107.711269314851,107.603737265618,108.46399365948,108.858277840001,108.929965872822,108.607369725124,109.252562020521,109.861910299507,110.542946611314,110.148662430794,110.292038496438,110.793854726191,110.937230791835,110.471258578492,110.614634644136,110.650478660547,110.399570545671,110.220350463616,111.259826939533,111.976707267752,112.801119645203,114.127348252407,117.568373827857,119.719014812513,122.263939977689,127.533010390096,128.034826619849,128.572486866013,,2010=100,
Italy,136,"Prices, Consumer Price Index, All items, Index",,,,,,,,,,,,,,,,,,,,,,,,,,,,,,,,,,,,,,,,,,,,,,,,,,,,,,,,,,,,,,,,,,,,,,,,,,,,,,,,,,,,,,,,,,,,,,,,,,,,,,,,,,,,,,,,,,,,,,,,,,,,,,,,,,,,,,,,,,,,,,,,,,,,,,,,,,,,,,,,,,,,,,,,,,,,,,,,,,,,,,,,,,,,,,,,,,,,,,,,,,,,,,,,,,,,,,,,,,,,,,,,,,,,,,,,,,,,,,,,,,,,,,,,,,,,,,,,,,,,,,,,,,,,,,,,,,,,,,,,,,,,,,,,,,,,,,,,,,,,,,,,,,,,,,,,,,,,,,,,,,,,,,,,,,,,,,,,,,,,,,,,,,,,,,,,,,,,,,,,,,,,,,,,,,,,,,,,,,,,,,,,,,,,,,,,,,,,,,,,,,,,,,,,,,,,,,,,2010=100,
Italy,136,"Prices, Consumer Price Index, Harmonized, Index",,,,,,,,,,,,,,,,,,,,,,,,,,,,,,,,,,,,,,,,,,,,,,,,,,,,,,,,,,,,,,,,,,,,,,,,,,,,,,,,,,,,,,,,,,,,,,,,,,,,,,,,,,,,,,,,,,,,,,,,,,,,,,,,,,,,,,,,,,,,,,,,,,,,,,,,,,,,,,,,,,,,,,,,,,,,,,,,,,,,,,,,,,,,,,,,,,,,,,,,,,,,,,,,,,,,,,,,,,,,,,,,,,,,,,,,,,,,,,,,,,,,,,,,,,,,,,,,,,,,,,,,,,,,,,,,,,,,,,,,,,,,,,,,,,,,,,,,,,,,,,,,,,,,,,,,,,,,,,,,,,,,,,,,,,,,,,,,,,,,,,,,,,,,,,,,,,,,,,,,,,,,,,,,,,,,,,,,,,,,,,,,,,,,,,,,,,,,,,,,,,,,,,,,,,,,,,,,2010=100,
Italy,136,"Prices, Consumer Price Index, Harmonized, Index",,,,,,,,,,,,,,,,,,,,,,,,,,,,,,,,,,,,,,,,,,,,,,,,,,,,,,,,,,,,,,,,,,,,,,,,,,,,,,,,,,,,,,,,,,,,,,,,,,,,,,,,,,,,,,,,,,,,,,,,,,,,,,,,,,,,,,,,,,,,,,,,,,,,,,,,,,,,,,,,,,,,,,,,,,,,,,,,,,,,,,,,,,,,,,,,,,,,,,,,,,,,,,,,,,,,,,,,,,,,,,,,,,,,,,,,,,,,,,,,,,,,,,,,,,,,,,,,,,,,,,,,,,,,,,,,,,,,,,,,,,,,,,,,,,,,,,,,,,,,,,,,,73.2216819737079,74.0140464613722,74.1941292994778,74.5903115433099,74.9864937871421,75.3466594633531,75.4186925985954,75.9229245452908,76.4631730596074,76.8593553034396,77.003421573924,77.2195209796507,77.5436700882406,77.9398523320727,78.3000180082838,78.8042499549793,79.380515036917,79.9207635512335,80.4610120655502,81.0012605798667,81.0012605798667,82.2258238789843,82.1537907437421,82.8381055285431,82.9821717990276,84.2427516657663,84.3147848010085,85.2512155591572,85.3232486943994,86.6558616963803,86.7278948316226,87.556275886908,87.2681433459391,88.7088060507834,88.6727894831622,89.4291374032055,89.1049882946155,90.6537007023231,90.617684134702,91.5180983252296,91.0498829461552,92.7786781919683,92.7786781919683,93.354943273906,92.8867278948316,94.5074734377814,94.3273905996759,95.7320367368989,95.9121195750045,98.0370970646497,98.1451467675131,98.5413290113452,97.2087160093643,98.8654781199352,98.2531964703764,99.2976769313884,98.4332793084819,100.414190527643,99.9099585809472,101.242571582928,100.738339636233,103.403565640195,102.575184584909,105.024311183144,104.303979830722,107.14928867279,106.140824779399,107.797586889969,106.464973887989,108.445885107149,107.293354943274,108.48190167477,106.933189267063,108.878083918603,107.221321808032,108.661984512876,106.789122996578,108.986133621466,107.545470916622,108.842067350981,106.789122996578,108.661984512876,107.473437781379,109.022150189087,108.229785701423,110.390779758689,108.878083918603,110.174680352962,109.166216459571,111.471276787322,110.678912299658,111.795425895912,110.282730055826,112.479740680713,111.039077975869,112.119575004502,110.534846029173,112.263641274987,110.786962002521,111.687376193049,111.363227084459,113.560237709346,113.128038897893,115.865298037097,118.062308661985,121.916081397443,123.248694399424,130.343958220782,129.29947775977,131.388438681794,,2010=100,
Italy,136,"Prices, Consumer Price Index, Harmonized, Index",,,,,,,,,,,,,,,,,,,,,,,,,,,,,,,,,,,,,,,,,,,,,,,,,,,,,,,,,,,,,,,,,,,,,,,,,,,,,,,,,,,,,,,,,,,,,,,,,,,,,,,,,,,,,,,,,,,,,,,,,,,,,,,,,,,,,,,,,,,,,,,,,,,,,,,,,,,,,,,,,,,,,,,,,,,,,,,,,,,,,,,,,,,,,,,,,,,,,,,,,,,,,,,,,,,,,,,,,,,,,,,,,,,,,,,,,,,,,,,,,,,,,,,,,,,,,,,,,,,,,,,,,,,,,,,,,,,,,,,,,,,,,,,,,,,,,,,,,,,,,,,,,,,,,,,,,,,,,,,,,,,,,,,,,,,,,,,,,,,,,,,,,,,,,,,,,,,,,,,,,,,,,,,,,,,,,,,,,,,,,,,,,,,,,,,,,,,,,,,,,,,,,,,,,,,,,,,,2010=100,
Italy,136,"Prices, Consumer Price Index, All items, Percentage change, Corresponding period previous year, Percent",,,,,,,,,,,,,,,,,,,,,,,,,,,,,,,,,,,,,,,,,,,,,,,,,,,,,,,,,,,,,,,,,,,,,,,,,,,,,,,,,,,,,,,,,,,,,,,,,,,,,,,,,,,,,,,,,,,,,,,,,,,,,,,,,,,,,,,,,,,,,,,,,,,,,,,,,,,,,,,,,,,,,,,,,,,,,,,,,,,,,,,,,,,,,,,,,,,,,,,,,,,,,,,,,,,,,,,,,,,,,,,,,,,,,,,,,,,,,,,,,,,,,,,,,,,,,,,,,,,,,,,,,,,,,,,,,,,,,,,,,,,,,,,,,,,,,,,,,,,,,,,,,,,,,,,,,,,,,,,,,,,,,,,,,,,,,,,,,,,,,,,,,,,,,,,,,,,,,,,,,,,,,,,,,,,,,,,,,,,,,,,,,,,,,,,,,,,,,,,,,,,,,,,,,,,,,,,,,
Italy,136,"Prices, Consumer Price Index, All items, Percentage change, Corresponding period previous year, Percent",,,,,,,,,,,,,,,,,,,,,,,,,,,,,,,,,,,,,,,,,,,,,,,,,,,,,,,,,,,,,,,,,,,,,,,,,,,,,,,,,,,,,,,,,,,,,,,,,,,,,,,,,,,,,,,,,,,,,,,,,,,,,,,,,,,,,,,,,,,,,,,,,2.92900042092973,3.90848547613892,3.61445691699363,3.08079068981302,1.91772272381537,0.275213148598914,1.04039656266945,2.04330938104702,2.33687681287332,4.269603170823,3.60387053597032,1.25523076155454,-0.0593153912482055,-1.55015817315476,-1.57848913353858,1.18063477090031,2.46291209266825,2.43612384766575,2.99971120224285,1.51691945602814,1.50594546099993,2.05918340907633,1.98961722780292,2.64368406061235,3.39514408708989,4.54673490804767,5.08905497268887,5.71108771758187,7.72626745672497,7.52922554016226,6.96799528758651,7.60062453671808,5.63524792751889,5.48533217427003,6.6649850775268,5.85775368054129,5.55286477237788,4.91252487640932,4.24428602792239,3.41780086589001,2.8715793253272,2.60393505661972,1.83215144422733,2.09082987115063,3.34613384040936,3.65896440751539,4.22894319152785,3.69739389171546,2.01103385604525,1.67633586628687,0.703775922072023,0.733178812916479,1.27185807016361,1.99746218989669,3.36721228873877,3.98734551277687,4.77236047966479,5.0979138417672,4.70191362797553,5.29519534416014,4.93059253838428,4.70348096736167,4.83483433940581,4.70133630721902,4.75266691576327,5.02078871677507,5.95879490815378,7.21875287651311,8.79629991901059,11.053596662892,11.6063348034994,11.6584128045627,14.4964579687499,16.3970383415717,20.5843019129479,24.6932921625961,22.5470723377914,19.6937491798201,15.092241596774,11.5344417607526,12.2119080429525,16.1385638604022,17.1494811793194,20.6341076223641,20.2508989567819,17.3973870577368,17.1019986416435,14.2162462150037,12.8704037616996,12.0818792904907,11.923499998265,11.5646291133679,12.9143512112668,13.5837293743667,14.7989989421172,17.6829173914801,20.6434810256019,20.9060034768276,21.7990736686157,20.8842306315956,18.3444142661792,18.9142028736638,17.4743622434839,17.2463795491276,17.0219280803502,15.468662696601,16.7225072260618,16.7067066344594,16.1364593424023,15.9860475066357,13.9679372999373,12.7372497466366,12.083056861168,11.3997542020889,10.4721985769169,9.35091388564078,9.33644168934338,9.44399022230617,9.1500799941872,8.90872519270104,7.47856313646401,6.06569487131758,5.43226537315569,4.40842137125298,4.2770589501638,4.42337799091167,4.90103235474733,5.3710058612214,5.14232285779395,5.02268969533503,4.97155287881521,5.09723316895663,5.8515249003653,6.45346507177299,6.39086332378493,6.33585134054219,6.46314889426161,6.08931173677583,6.543311586872,6.72290776401164,6.33920537270727,6.52259669037586,6.3286940891151,5.82347931518111,5.69782189062244,5.49069030461947,5.05303296646134,4.86004474544856,4.57299043515933,4.54681979592443,4.80997722489533,4.57612103732333,4.37301297029925,4.06295087459168,3.82436334804144,3.95511642048463,4.35626559730798,5.33406261632214,5.64802288329254,5.58554345335247,5.17633021920646,4.3917851071967,3.55114721498078,2.95735549626229,2.49433181643014,1.89042254065045,1.82167130849916,1.97201266849043,2.02275345299262,2.04402244501687,2.04017307586264,1.71553187038121,1.39406101412858,1.44837689421622,1.72254994306645,2.08525164465528,2.35257767915714,2.49089182465083,2.63077816725742,2.67347489166071,2.89551635255529,3.05275872081717,2.79906040434285,2.39906392406362,2.40789539082386,2.27207402199563,2.40757084910379,2.77143145690058,2.71954541555187,2.69966118256034,2.74278734034216,2.52988099826506,2.28902375302928,2.32749158700298,2.23372392149942,1.97939367661992,1.91426380507925,1.84639417346229,2.025051344372,2.15367878185155,2.14285734164683,2.2333236749747,2.1676598860228,1.82196906295888,1.73530323842179,1.59342265409404,1.63599750001354,2.35174136411534,3.05498636473564,3.56690959382449,3.97383997822836,2.79720397833374,1.482215526141,0.854906516969011,0.120951434205685,0.655974305208442,1.2901645163437,1.4046934125924,1.61874987427837,1.7861497733156,2.33856967542701,2.67136896864749,2.80584515014313,3.30016514599774,3.25016694086933,3.28454977479011,3.16844867698712,2.47111653410347,1.90778831175231,1.16499067413774,1.12817725486041,0.689006645472834,0.499219274948215,0.435714598306019,-0.0619982133081785,0.0933093304615725,-0.248364721709839,0.0619948964974794,0.186046691472919,0.155367234941255,-0.0949298912991856,-0.390216002085392,-0.0193307051115878,0.128773207061214,1.33958472873408,1.50401069518717,1.13144758735439,0.932711525649578,0.727032385988103,0.921962462956849,1.48075024679171,1.41914191419143,0.951443569553805,0.848287112561168,0.356679636835285,0.292873413602346,0.292492687682811,-0.129407958589447,-0.484652665589661,-0.227125243348487,0.583279325988314,1.19857466796241,2.1753246753247,3.54471544715446,5.6701030927835,6.91421254801538,8.38894184938034,11.7462311557789,8.90243902439027,7.3952095808383,,,
Italy,136,"Prices, Consumer Price Index, All items, Percentage change, Corresponding period previous year, Percent",,,,,,,,,,,,,,,,,,,,,,,,,,,,,,,,,,,,,,,,,,,,,,,,,,,,,,,,,,,,,,,,,,,,,,,,,,,,,,,,,,,,,,,,,,,,,,,,,,,,,,,,,,,,,,,,,,,,,,,,,,,,,,,,,,,,,,,,,,,,,,,,,,,,,,,,,,,,,,,,,,,,,,,,,,,,,,,,,,,,,,,,,,,,,,,,,,,,,,,,,,,,,,,,,,,,,,,,,,,,,,,,,,,,,,,,,,,,,,,,,,,,,,,,,,,,,,,,,,,,,,,,,,,,,,,,,,,,,,,,,,,,,,,,,,,,,,,,,,,,,,,,,,,,,,,,,,,,,,,,,,,,,,,,,,,,,,,,,,,,,,,,,,,,,,,,,,,,,,,,,,,,,,,,,,,,,,,,,,,,,,,,,,,,,,,,,,,,,,,,,,,,,,,,,,,,,,,,,
Italy,136,"Financial, Interest Rates, Government Bond Yields, Medium Term, Percent per annum",,,,,,,,,,,,,,,,,,,,,,,,,,,,,,,,,,,,,,,,,,,,,,,,,,,,,,,,,,,,,,,,,,,,,,,,,,,,,,,,,,,,,,,,,,,,,,,,,,,,,,,,,,,,,,,,,,,,,,,,,,,,,,,,,,,,,,,,,,,,,,,,,,,,,,,,,,,,,,,,,,,,,,,,,,,,,,,,,,,,,,,,,,,,,,,,,,,,,,,,,,,,,,,,,,,,,,,,,,,,,,,,,,,,,,,,,,,,,,,,,,,,,,,,,,,,,,,,,,,,,,,,,,,,,,,,,,,,,,,,,,,,,,,,,,,,,,,,,,,,,,,,,,,,,,,,,,,,,,,,,,,,,,,,,,,,,,,,,,,,,,,,,,,,,,,,,,,,,,,,,,,,,,,,,,,,,,,,,,,,,,,,,,,,,,,,,,,,,,,,,,,,,,,,,,,,,,,,,
Italy,136,"Financial, Interest Rates, Government Bond Yields, Medium Term, Percent per annum",,,,,,,,,,,,,,,,,,,,,,,,,,,,,,,,,,,,,,,,,,,,,,,,,,,,,,,,,,,,,,,,,,,,,,,,,,,,,,,,,,,,,,,,,,,,,,,,,,,,,,,,,,,,,,,,,,,,,,,,,,,,,,,,,,,,,,,,,,,,,,,,,,,,,,,,,,,,,,,,,,,,,,,,,,,,,,,,,,,,,,,,,,,,,,,,,,,,,,,,,,,,,,,,,,,,,,,,,,,,,,,,,,,,,,,,,,,,,,,,,,,,,,,,,,,,,,,,,,,,,,,,,,,,,,,,,,,,,,,,,,,,,14.073,13.1566666666667,13.334,12.9276666666667,12.7350333333333,13.0609,14.5420333333333,14.3366666666667,13.1263333333333,12.4624333333333,10.1257666666667,9.11933333333333,8.94456666666667,9.73306666666667,11.6147666666667,12.0036666666667,12.5882333333333,12.4468,11.6260666666667,11.2759666666667,10.1346,9.41216666666667,8.88183333333333,7.29873333333333,7.0059,7.00466666666667,6.20356666666667,5.67103333333333,5.04696666666667,4.86486666666667,4.438,3.87,3.43766666666667,3.47866666666667,4.416,4.83833333333333,5.19033333333333,5.255,5.47133333333333,5.227,4.767,4.84533333333333,4.62604825638325,4.31856818485091,4.77000966734714,4.94634078741842,4.31901666666667,3.89920666666667,3.35637,3.07923333333333,3.33659666666667,3.6652,3.27423666666667,3.56752333333333,3.45246333333333,3.06249,3.04353666666667,2.79012666666667,2.72071666666667,3.05003333333333,3.32027333333333,3.83580666666667,3.84134666666667,3.84415333333333,4.04894333333333,4.3944,4.42766666666667,4.22496666666667,3.88853333333333,4.50853,4.68333333333333,4.06333333333333,3.57,3.29,3.03333333333333,2.76666666666667,2.84333333333333,2.83666666666667,2.74666666666667,3.17333333333333,3.80666666666667,3.95333333333333,4.79,6.16,4.66,5.03,4.76,3.6,3.19666666666667,3.12,3.28,2.82406333333333,2.26986666666667,1.67333333333333,1.23,1.1,0.74,0.84,0.883333333333333,0.59,0.46,0.473333333333333,0.276666666666667,0.66,0.923333333333333,0.92,0.833333333333333,0.616666666666667,0.74,1.19666666666667,2.05,2.47333333333333,1.65666666666667,1.69666666666667,0.666666666666667,0.563333333333333,0.636666666666667,1.12333333333333,0.506666666666667,0.1034,0.0353333333333333,0.1486,0.0163333333333333,0.217633333333333,0.833,2.17554666666667,2.923,3.70033333333333,3.69913333333333,3.67866666666667,,,
Italy,136,"Financial, Interest Rates, Government Bond Yields, Medium Term, Percent per annum",,,,,,,,,,,,,,,,,,,,,,,,,,,,,,,,,,,,,,,,,,,,,,,,,,,,,,,,,,,,,,,,,,,,,,,,,,,,,,,,,,,,,,,,,,,,,,,,,,,,,,,,,,,,,,,,,,,,,,,,,,,,,,,,,,,,,,,,,,,,,,,,,,,,,,,,,,,,,,,,,,,,,,,,,,,,,,,,,,,,,,,,,,,,,,,,,,,,,,,,,,,,,,,,,,,,,,,,,,,,,,,,,,,,,,,,,,,,,,,,,,,,,,,,,,,,,,,,,,,,,,,,,,,,,,,,,,,,,,,,,,,,,,,,,,,,,,,,,,,,,,,,,,,,,,,,,,,,,,,,,,,,,,,,,,,,,,,,,,,,,,,,,,,,,,,,,,,,,,,,,,,,,,,,,,,,,,,,,,,,,,,,,,,,,,,,,,,,,,,,,,,,,,,,,,,,,,,,,
Italy,136,"Prices, Consumer Price Index, All items, Percentage change, Previous period, Percent",,,,,,,,,,,,,,,,,,,,,,,,,,,,,,,,,,,,,,,,,,,,,,,,,,,,,,,,,,,,,,,,,,,,,,,,,,,,,,,,,,,,,,,,,,,,,,,,,,,,,,,,,,,,,,,,,,,,,,,,,,,,,,,,,,,,,,,,,,,,,,,,,,,,,,,,,,,,,,,,,,,,,,,,,,,,,,,,,,,,,,,,,,,,,,,,,,,,,,,,,,,,,,,,,,,,,,,,,,,,,,,,,,,,,,,,,,,,,,,,,,,,,,,,,,,,,,,,,,,,,,,,,,,,,,,,,,,,,,,,,,,,,,,,,,,,,,,,,,,,,,,,,,,,,,,,,,,,,,,,,,,,,,,,,,,,,,,,,,,,,,,,,,,,,,,,,,,,,,,,,,,,,,,,,,,,,,,,,,,,,,,,,,,,,,,,,,,,,,,,,,,,,,,,,,,,,,,,,
Italy,136,"Prices, Consumer Price Index, All items, Percentage change, Previous period, Percent",,,,,,,,,,,,,,,,,,,,,,,,,,,,,,,,,,,,,,,,,,,,,,,,,,,,,,,,,,,,,,,,,,,,,,,,,,,,,,,,,,,,,,,,,,,,,,,,,,,,,,,,,,,,,,,,,,,,,,,,,,,,,,,,,,,,,,,,,,,,,,0.191023423182804,0.222432586887361,0.856052839601123,1.63470603179249,1.14445355179373,-0.061165593882247,0.336593771738065,0.487954342868476,-0.485593990467892,0.701450970151171,1.33252074223055,0.777047188493038,1.39382740170551,0.0585000021877148,-0.964628847121762,-0.531290945508375,-0.118692312397732,0.0297061174335677,1.81170386233675,0.729290885539705,-0.144805614146229,0.580053742200061,0.34601476094982,0.718402033284372,0.399435243824252,0.511495773995728,0.989541051602979,1.45576696471078,1.51766056356215,1.0328836579242,1.58730835897993,3.38982715102467,1.33197479838475,0.505559941707015,2.18811519317043,1.50136275979401,1.18816617741652,1.62952355953787,1.41476436091049,1.20902102200952,0.574304867796695,0.982195741665748,0.610712636359832,0.67446558843204,0.312637491309965,0.222610802025663,0.866288311697097,1.91235401010186,0.616285611546056,0.77369446528625,0.351887961036004,0.255022861325124,0.286163787874885,-0.190231484960154,0.381188109721954,0.791145138877111,1.00470549317562,1.15013951401969,0.983407212249097,1.55203154359901,1.31855182927921,0.769014186138146,1.55561842655345,1.20039008919063,1.0992581521634,0.895431662315841,1.42629619026732,1.25000433282312,1.3580287971009,1.79659171583925,2.63235813346773,2.73973108866464,3.46099689932724,2.30325570976637,2.68024867718475,5.35108825972197,5.17839448129529,5.98350996683446,6.1791464105779,3.53778627477698,2.72947470731243,1.90907894489723,2.8968734749969,4.16668043542769,6.32430966305181,2.7961370368514,5.95755426169841,3.83578252111023,3.80127087154709,2.53748742921668,3.34643512728272,2.61225601835775,3.07610431329141,2.39259500959953,3.01506569525401,3.8536712461402,3.68715944157734,3.48812696090604,5.6029545380014,6.46633083324549,3.91278462269638,4.25254029634865,4.80976190740156,4.2294391559497,4.41308978046113,2.99022646258709,4.60635742443053,4.02990676272479,3.02718509894767,4.1085708602991,4.59219698209632,3.52160030515155,2.89375148014842,2.29712393220256,3.46275375404627,2.92088408611875,2.26647046232164,1.44536017902506,2.41261441223789,2.90726288091188,2.36706463476375,1.17293015439543,2.18615762702563,1.55591052210791,1.02138999232351,0.568720485538622,1.19383630874963,1.4281370139283,1.16314075732886,1.0287428400105,1.64720098034557,1.20801108066213,1.04803519256552,0.979550724470278,1.76890109205128,1.93438953619896,1.62265961749917,0.920168003746831,1.71627900678377,2.05641797970374,1.26581946574598,1.35204695927312,1.88773843103484,1.68949308562795,1.44046128295274,1.16755628631639,1.40362460664291,1.56874445887226,1.24167266787461,0.747834666670363,1.21734055025273,1.29070008116518,1.21633573067981,1.00142957464575,0.991500396443057,1.09397296892453,0.915651211919905,0.769861268560578,1.11868585216521,1.48408136795947,1.86121037276279,1.07021740940067,1.05888503738506,1.09076398953193,1.10139383861683,0.256327174248584,0.479384658567024,0.636134815017285,0.505691925629591,0.188678558683735,0.627744110405973,0.686210873105728,0.526644651248218,0.184899177985032,0.30759655314349,0.367993174913307,0.580495864247069,0.455657568580307,0.665253100020003,0.630822302275937,0.716415307159433,0.592766088969122,0.707132121550903,0.84844632657819,0.870327627415282,0.345123854806282,0.315275442810936,0.857144059422847,0.736545501337779,0.478067730523295,0.67170199205217,0.806224481162674,0.717045133287991,0.520260985619394,0.46308740822933,0.569416349769611,0.754921793249701,0.428149373556513,0.21316203486129,0.505186970366247,0.687824223484762,0.604318684138278,0.339505144366411,0.494540159756642,0.777001856706756,0.5397011943389,0,0.409004177054954,0.636457724482368,0.581834456269805,0.704222796752407,1.09890089267188,1.1363669692427,0.977036019393168,-0.435412075912469,-0.194362757098809,0.511195811658066,0.242192159155793,0.0966377190433615,0.434469844169739,0.624843927167731,0.453794682107352,0.261530192812861,0.97955382783048,0.952070280297267,0.585366344794754,0.743616392453614,0.93067881936439,0.985687836270746,0.472299371263764,0.0626740811007426,0.375819052016332,0.24961131454121,0.435738018785358,-0.371869354230832,0.186622004624528,0.186264363231881,-0.0619749088898711,-0.217043362272418,-0.155370575525561,0.497976253173773,0.0619231945976366,-0.247599382615205,-0.404891140478062,0.200937709310125,0.434491978609609,-0.099833610648937,0.79946702198536,0.363516192994071,0.0658544616397405,-0.296150049358331,0.5940594059406,0.557742782152235,0.619902120717763,-0.356679636835259,0.130165961601035,0.454988625284367,0.129407958589447,-0.42003231017769,0.12978585334198,0.0324044069993537,-0.226757369614525,-0.162337662337658,0.943089430894295,0.644329896907226,0.736235595390552,1.17572291070857,3.01507537688442,1.82926829268295,2.12574850299401,4.30958663148637,0.393479482855536,0.419932810750269,,,
Italy,136,"Prices, Consumer Price Index, All items, Percentage change, Previous period, Percent",,,,,,,,,,,,,,,,,,,,,,,,,,,,,,,,,,,,,,,,,,,,,,,,,,,,,,,,,,,,,,,,,,,,,,,,,,,,,,,,,,,,,,,,,,,,,,,,,,,,,,,,,,,,,,,,,,,,,,,,,,,,,,,,,,,,,,,,,,,,,,,,,,,,,,,,,,,,,,,,,,,,,,,,,,,,,,,,,,,,,,,,,,,,,,,,,,,,,,,,,,,,,,,,,,,,,,,,,,,,,,,,,,,,,,,,,,,,,,,,,,,,,,,,,,,,,,,,,,,,,,,,,,,,,,,,,,,,,,,,,,,,,,,,,,,,,,,,,,,,,,,,,,,,,,,,,,,,,,,,,,,,,,,,,,,,,,,,,,,,,,,,,,,,,,,,,,,,,,,,,,,,,,,,,,,,,,,,,,,,,,,,,,,,,,,,,,,,,,,,,,,,,,,,,,,,,,,,,
Italy,136,"Financial, Interest Rates, Harmonized Euro Area Rates, New Business, Loans, Non-financial Corporations, Other Than Bank Overdrafts, Over EUR 1 Million, Floating Rate and up to 1 Year, Percent per Annum",,,,,,,,,,,,,,,,,,,,,,,,,,,,,,,,,,,,,,,,,,,,,,,,,,,,,,,,,,,,,,,,,,,,,,,,,,,,,,,,,,,,,,,,,,,,,,,,,,,,,,,,,,,,,,,,,,,,,,,,,,,,,,,,,,,,,,,,,,,,,,,,,,,,,,,,,,,,,,,,,,,,,,,,,,,,,,,,,,,,,,,,,,,,,,,,,,,,,,,,,,,,,,,,,,,,,,,,,,,,,,,,,,,,,,,,,,,,,,,,,,,,,,,,,,,,,,,,,,,,,,,,,,,,,,,,,,,,,,,,,,,,,,,,,,,,,,,,,,,,,,,,,,,,,,,,,,,,,,,,,,,,,,,,,,,,,,,,,,,,,,,,,,,,,,,,,,,,,,,,,,,,,,,,,,,,,,,,,,,,,,,,,,,,,,,,,,,,,,,,,,,,,,,,,,,,,,,,,
Italy,136,"Financial, Interest Rates, Harmonized Euro Area Rates, New Business, Loans, Non-financial Corporations, Other Than Bank Overdrafts, Over EUR 1 Million, Floating Rate and up to 1 Year, Percent per Annum",,,,,,,,,,,,,,,,,,,,,,,,,,,,,,,,,,,,,,,,,,,,,,,,,,,,,,,,,,,,,,,,,,,,,,,,,,,,,,,,,,,,,,,,,,,,,,,,,,,,,,,,,,,,,,,,,,,,,,,,,,,,,,,,,,,,,,,,,,,,,,,,,,,,,,,,,,,,,,,,,,,,,,,,,,,,,,,,,,,,,,,,,,,,,,,,,,,,,,,,,,,,,,,,,,,,,,,,,,,,,,,,,,,,,,,,,,,,,,,,,,,,,,,,,,,,,,,,,,,,,,,,,,,,,,,,,,,,,,,,,,,,,,,,,,,,,,,,,,,,,,,,,,,,,,,,,,,,,,,,,,,,,,,,,,,,,3.59333333333333,3.3,3.20666666666667,3.10666666666667,2.85333333333333,2.96,2.95,2.95333333333333,2.88666666666667,2.94333333333333,3.08666666666667,3.14333333333333,3.25,3.6,3.95666666666667,4.37666666666667,4.17333333333333,4.49666666666667,4.69666666666667,4.98333333333333,5.00333333333333,5.25333333333333,5.36333333333333,4.84,3.04,2.39666666666667,2.11666666666667,1.81333333333333,1.49333333333333,1.75666666666667,2.13,2.35333333333333,2.48666666666667,2.71333333333333,2.98666666666667,3.52333333333333,3.13,3.05,2.85333333333333,3.03333333333333,2.97,2.89333333333333,2.91333333333333,2.78666666666667,2.79333333333333,2.53666666666667,2.3,2.04333333333333,1.95666666666667,1.72666666666667,1.47,1.35666666666667,1.41333333333333,1.31333333333333,1.11333333333333,1.08333333333333,1.09333333333333,1.07666666666667,0.98,1.03333333333333,1.03333333333333,0.986666666666667,1.07,1.03,0.963333333333333,0.92,0.83,0.92,0.74,0.933333333333333,0.903333333333333,0.956666666666667,0.736666666666667,0.71,0.716666666666667,0.743333333333333,0.76,0.87,1.26,2.72666666666667,3.53,,,,
Italy,136,"Financial, Interest Rates, Harmonized Euro Area Rates, New Business, Loans, Non-financial Corporations, Other Than Bank Overdrafts, Over EUR 1 Million, Floating Rate and up to 1 Year, Percent per Annum",,,,,,,,,,,,,,,,,,,,,,,,,,,,,,,,,,,,,,,,,,,,,,,,,,,,,,,,,,,,,,,,,,,,,,,,,,,,,,,,,,,,,,,,,,,,,,,,,,,,,,,,,,,,,,,,,,,,,,,,,,,,,,,,,,,,,,,,,,,,,,,,,,,,,,,,,,,,,,,,,,,,,,,,,,,,,,,,,,,,,,,,,,,,,,,,,,,,,,,,,,,,,,,,,,,,,,,,,,,,,,,,,,,,,,,,,,,,,,,,,,,,,,,,,,,,,,,,,,,,,,,,,,,,,,,,,,,,,,,,,,,,,,,,,,,,,,,,,,,,,,,,,,,,,,,,,,,,,,,,,,,,,,,,,,,,,,,,,,,,,,,,,,,,,,,,,,,,,,,,,,,,,,,,,,,,,,,,,,,,,,,,,,,,,,,,,,,,,,,,,,,,,,,,,,,,,,,,,
Italy,136,"Financial, Interest Rates, Harmonized Euro Area Rates, Loans, Households, Consumer Credit and Other, Up to 1 Year, Percent per annum",,,,,,,,,,,,,,,,,,,,,,,,,,,,,,,,,,,,,,,,,,,,,,,,,,,,,,,,,,,,,,,,,,,,,,,,,,,,,,,,,,,,,,,,,,,,,,,,,,,,,,,,,,,,,,,,,,,,,,,,,,,,,,,,,,,,,,,,,,,,,,,,,,,,,,,,,,,,,,,,,,,,,,,,,,,,,,,,,,,,,,,,,,,,,,,,,,,,,,,,,,,,,,,,,,,,,,,,,,,,,,,,,,,,,,,,,,,,,,,,,,,,,,,,,,,,,,,,,,,,,,,,,,,,,,,,,,,,,,,,,,,,,,,,,,,,,,,,,,,,,,,,,,,,,,,,,,,,,,,,,,,,,,,,,,,,,,,,,,,,,,,,,,,,,,,,,,,,,,,,,,,,,,,,,,,,,,,,,,,,,,,,,,,,,,,,,,,,,,,,,,,,,,,,,,,,,,,,,
Italy,136,"Financial, Interest Rates, Harmonized Euro Area Rates, Loans, Households, Consumer Credit and Other, Up to 1 Year, Percent per annum",,,,,,,,,,,,,,,,,,,,,,,,,,,,,,,,,,,,,,,,,,,,,,,,,,,,,,,,,,,,,,,,,,,,,,,,,,,,,,,,,,,,,,,,,,,,,,,,,,,,,,,,,,,,,,,,,,,,,,,,,,,,,,,,,,,,,,,,,,,,,,,,,,,,,,,,,,,,,,,,,,,,,,,,,,,,,,,,,,,,,,,,,,,,,,,,,,,,,,,,,,,,,,,,,,,,,,,,,,,,,,,,,,,,,,,,,,,,,,,,,,,,,,,,,,,,,,,,,,,,,,,,,,,,,,,,,,,,,,,,,,,,,,,,,,,,,,,,,,,,,,,,,,,,,,,,,,,,,,,,,,,,,,,,,,,,,8.49666666666667,8.32,8.09666666666667,7.98,8.02333333333333,7.96,8.04333333333333,7.98333333333333,7.96,7.88,7.72333333333333,7.65333333333333,7.79333333333333,7.90666666666667,8.00333333333333,8.10333333333333,8.22666666666667,8.28,8.39,8.54,8.54666666666667,8.62333333333333,8.76,8.71333333333333,7.78666666666667,7.08333333333333,6.66333333333333,6.49333333333333,6.38,6.38,6.53,6.47333333333333,6.50666666666667,6.64,6.81,7.03666666666667,7.16,7.12666666666667,7.04666666666667,7.02666666666667,7.17333333333333,7.07,6.94333333333333,6.83,6.89333333333333,6.77666666666667,6.55666666666667,6.30666666666667,6.23333333333333,6.02666666666667,5.86333333333333,5.76666666666667,5.73666666666667,5.39,4.88333333333333,4.71666666666667,4.68333333333333,4.55666666666667,4.41666666666667,4.29333333333333,4.31666666666667,4.21,4.02,3.94333333333333,3.97,3.83333333333333,3.67333333333333,3.58,3.62333333333333,3.43,3.18,3.07333333333333,2.96333333333333,2.82666666666667,2.69333333333333,2.69666666666667,2.70333333333333,2.62,2.72333333333333,3.42666666666667,4.26666666666667,,,,
Italy,136,"Financial, Interest Rates, Harmonized Euro Area Rates, Loans, Households, Consumer Credit and Other, Up to 1 Year, Percent per annum",,,,,,,,,,,,,,,,,,,,,,,,,,,,,,,,,,,,,,,,,,,,,,,,,,,,,,,,,,,,,,,,,,,,,,,,,,,,,,,,,,,,,,,,,,,,,,,,,,,,,,,,,,,,,,,,,,,,,,,,,,,,,,,,,,,,,,,,,,,,,,,,,,,,,,,,,,,,,,,,,,,,,,,,,,,,,,,,,,,,,,,,,,,,,,,,,,,,,,,,,,,,,,,,,,,,,,,,,,,,,,,,,,,,,,,,,,,,,,,,,,,,,,,,,,,,,,,,,,,,,,,,,,,,,,,,,,,,,,,,,,,,,,,,,,,,,,,,,,,,,,,,,,,,,,,,,,,,,,,,,,,,,,,,,,,,,,,,,,,,,,,,,,,,,,,,,,,,,,,,,,,,,,,,,,,,,,,,,,,,,,,,,,,,,,,,,,,,,,,,,,,,,,,,,,,,,,,,,
Italy,136,"Financial, Interest Rates, Harmonized Euro Area Rates, New Business, Deposits, Non-financial Corporations, Agreed Maturity, Up to 1 Year, Percent per annum",,,,,,,,,,,,,,,,,,,,,,,,,,,,,,,,,,,,,,,,,,,,,,,,,,,,,,,,,,,,,,,,,,,,,,,,,,,,,,,,,,,,,,,,,,,,,,,,,,,,,,,,,,,,,,,,,,,,,,,,,,,,,,,,,,,,,,,,,,,,,,,,,,,,,,,,,,,,,,,,,,,,,,,,,,,,,,,,,,,,,,,,,,,,,,,,,,,,,,,,,,,,,,,,,,,,,,,,,,,,,,,,,,,,,,,,,,,,,,,,,,,,,,,,,,,,,,,,,,,,,,,,,,,,,,,,,,,,,,,,,,,,,,,,,,,,,,,,,,,,,,,,,,,,,,,,,,,,,,,,,,,,,,,,,,,,,,,,,,,,,,,,,,,,,,,,,,,,,,,,,,,,,,,,,,,,,,,,,,,,,,,,,,,,,,,,,,,,,,,,,,,,,,,,,,,,,,,,,
Italy,136,"Financial, Interest Rates, Harmonized Euro Area Rates, New Business, Deposits, Non-financial Corporations, Agreed Maturity, Up to 1 Year, Percent per annum",,,,,,,,,,,,,,,,,,,,,,,,,,,,,,,,,,,,,,,,,,,,,,,,,,,,,,,,,,,,,,,,,,,,,,,,,,,,,,,,,,,,,,,,,,,,,,,,,,,,,,,,,,,,,,,,,,,,,,,,,,,,,,,,,,,,,,,,,,,,,,,,,,,,,,,,,,,,,,,,,,,,,,,,,,,,,,,,,,,,,,,,,,,,,,,,,,,,,,,,,,,,,,,,,,,,,,,,,,,,,,,,,,,,,,,,,,,,,,,,,,,,,,,,,,,,,,,,,,,,,,,,,,,,,,,,,,,,,,,,,,,,,,,,,,,,,,,,,,,,,,,,,,,,,,,,,,,,,,,,,,,,,,,,,,,,,2.41666666666667,2.30333333333333,1.94,1.99666666666667,1.93666666666667,1.94666666666667,1.95666666666667,2.04666666666667,2.01666666666667,2.03666666666667,2.07666666666667,2.17,2.38666666666667,2.67333333333333,2.89333333333333,3.29666666666667,3.55333333333333,3.86666666666667,4.16333333333333,4.27,4.22333333333333,4.41333333333333,4.75333333333333,3.76,1.88666666666667,1.15,0.846666666666667,0.706666666666667,0.686666666666667,0.416666666666667,0.52,1.11,1.51333333333333,2.12333333333333,2.41,1.94666666666667,1.78333333333333,1.62666666666667,1.96333333333333,1.61666666666667,2.01333333333333,1.80666666666667,1.72333333333333,1.44333333333333,1.46666666666667,1.4,1.08666666666667,0.886666666666667,0.796666666666667,0.776666666666667,1.03333333333333,0.77,0.9,0.903333333333333,1.18333333333333,1.34,0.8,0.843333333333333,0.673333333333333,0.353333333333333,0.323333333333333,0.423333333333333,0.403333333333333,0.596666666666667,0.626666666666667,0.516666666666667,0.553333333333333,0.49,-0.05,0.413333333333333,0.306666666666667,0.356666666666667,0.356666666666667,0.323333333333333,0.203333333333333,0.4,0.0133333333333333,0.0466666666666667,0.313333333333333,1.54,2.22666666666667,,,,
Italy,136,"Financial, Interest Rates, Harmonized Euro Area Rates, New Business, Deposits, Non-financial Corporations, Agreed Maturity, Up to 1 Year, Percent per annum",,,,,,,,,,,,,,,,,,,,,,,,,,,,,,,,,,,,,,,,,,,,,,,,,,,,,,,,,,,,,,,,,,,,,,,,,,,,,,,,,,,,,,,,,,,,,,,,,,,,,,,,,,,,,,,,,,,,,,,,,,,,,,,,,,,,,,,,,,,,,,,,,,,,,,,,,,,,,,,,,,,,,,,,,,,,,,,,,,,,,,,,,,,,,,,,,,,,,,,,,,,,,,,,,,,,,,,,,,,,,,,,,,,,,,,,,,,,,,,,,,,,,,,,,,,,,,,,,,,,,,,,,,,,,,,,,,,,,,,,,,,,,,,,,,,,,,,,,,,,,,,,,,,,,,,,,,,,,,,,,,,,,,,,,,,,,,,,,,,,,,,,,,,,,,,,,,,,,,,,,,,,,,,,,,,,,,,,,,,,,,,,,,,,,,,,,,,,,,,,,,,,,,,,,,,,,,,,,
Italy,136,"Financial, Interest Rates, Harmonized Euro Area Rates, Loans, Households, House Purchase, Over 5 Years, Percent per annum",,,,,,,,,,,,,,,,,,,,,,,,,,,,,,,,,,,,,,,,,,,,,,,,,,,,,,,,,,,,,,,,,,,,,,,,,,,,,,,,,,,,,,,,,,,,,,,,,,,,,,,,,,,,,,,,,,,,,,,,,,,,,,,,,,,,,,,,,,,,,,,,,,,,,,,,,,,,,,,,,,,,,,,,,,,,,,,,,,,,,,,,,,,,,,,,,,,,,,,,,,,,,,,,,,,,,,,,,,,,,,,,,,,,,,,,,,,,,,,,,,,,,,,,,,,,,,,,,,,,,,,,,,,,,,,,,,,,,,,,,,,,,,,,,,,,,,,,,,,,,,,,,,,,,,,,,,,,,,,,,,,,,,,,,,,,,,,,,,,,,,,,,,,,,,,,,,,,,,,,,,,,,,,,,,,,,,,,,,,,,,,,,,,,,,,,,,,,,,,,,,,,,,,,,,,,,,,,,
Italy,136,"Financial, Interest Rates, Harmonized Euro Area Rates, Loans, Households, House Purchase, Over 5 Years, Percent per annum",,,,,,,,,,,,,,,,,,,,,,,,,,,,,,,,,,,,,,,,,,,,,,,,,,,,,,,,,,,,,,,,,,,,,,,,,,,,,,,,,,,,,,,,,,,,,,,,,,,,,,,,,,,,,,,,,,,,,,,,,,,,,,,,,,,,,,,,,,,,,,,,,,,,,,,,,,,,,,,,,,,,,,,,,,,,,,,,,,,,,,,,,,,,,,,,,,,,,,,,,,,,,,,,,,,,,,,,,,,,,,,,,,,,,,,,,,,,,,,,,,,,,,,,,,,,,,,,,,,,,,,,,,,,,,,,,,,,,,,,,,,,,,,,,,,,,,,,,,,,,,,,,,,,,,,,,,,,,,,,,,,,,,,,,,,,,5.44,5.19666666666667,4.85666666666667,4.72,4.61333333333333,4.49,4.43333333333333,4.39,4.32666666666667,4.26333333333333,4.17666666666667,4.18,4.33333333333333,4.47333333333333,4.69666666666667,4.9,5.12333333333333,5.26,5.48,5.67,5.70666666666667,5.77,5.89666666666667,5.82666666666667,4.92333333333333,4.4,3.99333333333333,3.8,3.65333333333333,3.55666666666667,3.53666666666667,3.53,3.52333333333333,3.6,3.73,3.72333333333333,3.56333333333333,3.34666666666667,3.22666666666667,3.06666666666667,3.01666666666667,3.00666666666667,3.00666666666667,3.01,3.04,3.05333333333333,2.98666666666667,2.90333333333333,2.84333333333333,2.77666666666667,2.71333333333333,2.63666666666667,2.54,2.44333333333333,2.37,2.29,2.22333333333333,2.18333333333333,2.14333333333333,2.11,2.07666666666667,2.05,2.02666666666667,2.00666666666667,2,1.98666666666667,1.94666666666667,1.89333333333333,1.85333333333333,1.83333333333333,1.77,1.71,1.66666666666667,1.64,1.61666666666667,1.6,1.58666666666667,1.62,1.74333333333333,2.18,2.57666666666667,,,,
Italy,136,"Financial, Interest Rates, Harmonized Euro Area Rates, Loans, Households, House Purchase, Over 5 Years, Percent per annum",,,,,,,,,,,,,,,,,,,,,,,,,,,,,,,,,,,,,,,,,,,,,,,,,,,,,,,,,,,,,,,,,,,,,,,,,,,,,,,,,,,,,,,,,,,,,,,,,,,,,,,,,,,,,,,,,,,,,,,,,,,,,,,,,,,,,,,,,,,,,,,,,,,,,,,,,,,,,,,,,,,,,,,,,,,,,,,,,,,,,,,,,,,,,,,,,,,,,,,,,,,,,,,,,,,,,,,,,,,,,,,,,,,,,,,,,,,,,,,,,,,,,,,,,,,,,,,,,,,,,,,,,,,,,,,,,,,,,,,,,,,,,,,,,,,,,,,,,,,,,,,,,,,,,,,,,,,,,,,,,,,,,,,,,,,,,,,,,,,,,,,,,,,,,,,,,,,,,,,,,,,,,,,,,,,,,,,,,,,,,,,,,,,,,,,,,,,,,,,,,,,,,,,,,,,,,,,,,
Italy,136,"Financial, Interest Rates, Harmonized Euro Area Rates, New Business, Deposits, Households, Agreed Maturity, Up to 1 Year, Percent per annum",,,,,,,,,,,,,,,,,,,,,,,,,,,,,,,,,,,,,,,,,,,,,,,,,,,,,,,,,,,,,,,,,,,,,,,,,,,,,,,,,,,,,,,,,,,,,,,,,,,,,,,,,,,,,,,,,,,,,,,,,,,,,,,,,,,,,,,,,,,,,,,,,,,,,,,,,,,,,,,,,,,,,,,,,,,,,,,,,,,,,,,,,,,,,,,,,,,,,,,,,,,,,,,,,,,,,,,,,,,,,,,,,,,,,,,,,,,,,,,,,,,,,,,,,,,,,,,,,,,,,,,,,,,,,,,,,,,,,,,,,,,,,,,,,,,,,,,,,,,,,,,,,,,,,,,,,,,,,,,,,,,,,,,,,,,,,,,,,,,,,,,,,,,,,,,,,,,,,,,,,,,,,,,,,,,,,,,,,,,,,,,,,,,,,,,,,,,,,,,,,,,,,,,,,,,,,,,,,
Italy,136,"Financial, Interest Rates, Harmonized Euro Area Rates, New Business, Deposits, Households, Agreed Maturity, Up to 1 Year, Percent per annum",,,,,,,,,,,,,,,,,,,,,,,,,,,,,,,,,,,,,,,,,,,,,,,,,,,,,,,,,,,,,,,,,,,,,,,,,,,,,,,,,,,,,,,,,,,,,,,,,,,,,,,,,,,,,,,,,,,,,,,,,,,,,,,,,,,,,,,,,,,,,,,,,,,,,,,,,,,,,,,,,,,,,,,,,,,,,,,,,,,,,,,,,,,,,,,,,,,,,,,,,,,,,,,,,,,,,,,,,,,,,,,,,,,,,,,,,,,,,,,,,,,,,,,,,,,,,,,,,,,,,,,,,,,,,,,,,,,,,,,,,,,,,,,,,,,,,,,,,,,,,,,,,,,,,,,,,,,,,,,,,,,,,,,,,,,,,1.99333333333333,1.72666666666667,1.48666666666667,1.49,1.49666666666667,1.47,1.49,1.48666666666667,1.50333333333333,1.48666666666667,1.5,1.53,1.63333333333333,1.76666666666667,1.94333333333333,2.17333333333333,2.37666666666667,2.59,2.72666666666667,2.87333333333333,2.86333333333333,3.01333333333333,3.15333333333333,3.51,2.06333333333333,1.41333333333333,1.10333333333333,1.03,0.946666666666667,1.07333333333333,1.36666666666667,1.31,1.59,1.79666666666667,2.34,3.22666666666667,3.23333333333333,2.74333333333333,2.83333333333333,2.68666666666667,2.54666666666667,2.16,2.00666666666667,1.87333333333333,1.84666666666667,1.78333333333333,1.51666666666667,1.27666666666667,1.29,1.24,1.14,1.14666666666667,1.16666666666667,1.21666666666667,1.01,0.996666666666667,0.9,0.903333333333333,0.88,0.73,0.676666666666667,0.72,0.623333333333333,0.783333333333333,0.833333333333333,0.68,0.666666666666667,0.71,1.37666666666667,0.74,0.626666666666667,0.666666666666667,0.766666666666667,0.63,0.556666666666667,0.653333333333333,0.586666666666667,0.433333333333333,0.9,1.72,2.61666666666667,,,,
Italy,136,"Financial, Interest Rates, Harmonized Euro Area Rates, New Business, Deposits, Households, Agreed Maturity, Up to 1 Year, Percent per annum",,,,,,,,,,,,,,,,,,,,,,,,,,,,,,,,,,,,,,,,,,,,,,,,,,,,,,,,,,,,,,,,,,,,,,,,,,,,,,,,,,,,,,,,,,,,,,,,,,,,,,,,,,,,,,,,,,,,,,,,,,,,,,,,,,,,,,,,,,,,,,,,,,,,,,,,,,,,,,,,,,,,,,,,,,,,,,,,,,,,,,,,,,,,,,,,,,,,,,,,,,,,,,,,,,,,,,,,,,,,,,,,,,,,,,,,,,,,,,,,,,,,,,,,,,,,,,,,,,,,,,,,,,,,,,,,,,,,,,,,,,,,,,,,,,,,,,,,,,,,,,,,,,,,,,,,,,,,,,,,,,,,,,,,,,,,,,,,,,,,,,,,,,,,,,,,,,,,,,,,,,,,,,,,,,,,,,,,,,,,,,,,,,,,,,,,,,,,,,,,,,,,,,,,,,,,,,,,,
Italy,136,"Financial, Interest Rates, Harmonized Euro Area Rates, Outstanding Amounts, Deposits, Households, Agreed Maturity, Up to 2 Years, Percent per annum",,,,,,,,,,,,,,,,,,,,,,,,,,,,,,,,,,,,,,,,,,,,,,,,,,,,,,,,,,,,,,,,,,,,,,,,,,,,,,,,,,,,,,,,,,,,,,,,,,,,,,,,,,,,,,,,,,,,,,,,,,,,,,,,,,,,,,,,,,,,,,,,,,,,,,,,,,,,,,,,,,,,,,,,,,,,,,,,,,,,,,,,,,,,,,,,,,,,,,,,,,,,,,,,,,,,,,,,,,,,,,,,,,,,,,,,,,,,,,,,,,,,,,,,,,,,,,,,,,,,,,,,,,,,,,,,,,,,,,,,,,,,,,,,,,,,,,,,,,,,,,,,,,,,,,,,,,,,,,,,,,,,,,,,,,,,,,,,,,,,,,,,,,,,,,,,,,,,,,,,,,,,,,,,,,,,,,,,,,,,,,,,,,,,,,,,,,,,,,,,,,,,,,,,,,,,,,,,,
Italy,136,"Financial, Interest Rates, Harmonized Euro Area Rates, Outstanding Amounts, Deposits, Households, Agreed Maturity, Up to 2 Years, Percent per annum",,,,,,,,,,,,,,,,,,,,,,,,,,,,,,,,,,,,,,,,,,,,,,,,,,,,,,,,,,,,,,,,,,,,,,,,,,,,,,,,,,,,,,,,,,,,,,,,,,,,,,,,,,,,,,,,,,,,,,,,,,,,,,,,,,,,,,,,,,,,,,,,,,,,,,,,,,,,,,,,,,,,,,,,,,,,,,,,,,,,,,,,,,,,,,,,,,,,,,,,,,,,,,,,,,,,,,,,,,,,,,,,,,,,,,,,,,,,,,,,,,,,,,,,,,,,,,,,,,,,,,,,,,,,,,,,,,,,,,,,,,,,,,,,,,,,,,,,,,,,,,,,,,,,,,,,,,,,,,,,,,,,,,,,,,,,,2.32666666666667,2.08666666666667,1.82333333333333,1.65333333333333,1.57666666666667,1.53,1.49,1.47,1.46333333333333,1.45,1.44666666666667,1.45,1.49666666666667,1.56666666666667,1.68666666666667,1.83,2.00333333333333,2.18,2.33,2.47333333333333,2.55333333333333,2.65333333333333,2.79,3.15666666666667,2.78,2.12666666666667,1.72666666666667,1.46,1.23666666666667,1.23666666666667,1.42333333333333,1.42333333333333,1.56,1.68333333333333,1.94,2.62333333333333,3.23666666666667,3.28333333333333,3.28,3.18666666666667,2.97,2.8,2.59,2.49333333333333,2.28333333333333,2.12,1.96,1.80666666666667,1.66,1.51333333333333,1.4,1.30333333333333,1.22,1.12666666666667,1.07,1.03333333333333,0.97,0.92,0.903333333333333,0.87,0.813333333333333,0.776666666666667,0.75,0.736666666666667,0.79,0.84,0.843333333333333,0.863333333333333,0.95,1.01666666666667,0.883333333333333,0.82,0.81,0.81,0.766666666666667,0.733333333333333,0.7,0.64,0.646666666666667,0.956666666666667,1.77666666666667,,,,
Italy,136,"Financial, Interest Rates, Harmonized Euro Area Rates, Outstanding Amounts, Deposits, Households, Agreed Maturity, Up to 2 Years, Percent per annum",,,,,,,,,,,,,,,,,,,,,,,,,,,,,,,,,,,,,,,,,,,,,,,,,,,,,,,,,,,,,,,,,,,,,,,,,,,,,,,,,,,,,,,,,,,,,,,,,,,,,,,,,,,,,,,,,,,,,,,,,,,,,,,,,,,,,,,,,,,,,,,,,,,,,,,,,,,,,,,,,,,,,,,,,,,,,,,,,,,,,,,,,,,,,,,,,,,,,,,,,,,,,,,,,,,,,,,,,,,,,,,,,,,,,,,,,,,,,,,,,,,,,,,,,,,,,,,,,,,,,,,,,,,,,,,,,,,,,,,,,,,,,,,,,,,,,,,,,,,,,,,,,,,,,,,,,,,,,,,,,,,,,,,,,,,,,,,,,,,,,,,,,,,,,,,,,,,,,,,,,,,,,,,,,,,,,,,,,,,,,,,,,,,,,,,,,,,,,,,,,,,,,,,,,,,,,,,,,
Italy,136,"Financial, Interest Rates, Harmonized Euro Area Rates, Outstanding Amounts, Deposits, Non-Financial Corporations, Agreed Maturity, Up to 2 Years, Percent per annum",,,,,,,,,,,,,,,,,,,,,,,,,,,,,,,,,,,,,,,,,,,,,,,,,,,,,,,,,,,,,,,,,,,,,,,,,,,,,,,,,,,,,,,,,,,,,,,,,,,,,,,,,,,,,,,,,,,,,,,,,,,,,,,,,,,,,,,,,,,,,,,,,,,,,,,,,,,,,,,,,,,,,,,,,,,,,,,,,,,,,,,,,,,,,,,,,,,,,,,,,,,,,,,,,,,,,,,,,,,,,,,,,,,,,,,,,,,,,,,,,,,,,,,,,,,,,,,,,,,,,,,,,,,,,,,,,,,,,,,,,,,,,,,,,,,,,,,,,,,,,,,,,,,,,,,,,,,,,,,,,,,,,,,,,,,,,,,,,,,,,,,,,,,,,,,,,,,,,,,,,,,,,,,,,,,,,,,,,,,,,,,,,,,,,,,,,,,,,,,,,,,,,,,,,,,,,,,,,
Italy,136,"Financial, Interest Rates, Harmonized Euro Area Rates, Outstanding Amounts, Deposits, Non-Financial Corporations, Agreed Maturity, Up to 2 Years, Percent per annum",,,,,,,,,,,,,,,,,,,,,,,,,,,,,,,,,,,,,,,,,,,,,,,,,,,,,,,,,,,,,,,,,,,,,,,,,,,,,,,,,,,,,,,,,,,,,,,,,,,,,,,,,,,,,,,,,,,,,,,,,,,,,,,,,,,,,,,,,,,,,,,,,,,,,,,,,,,,,,,,,,,,,,,,,,,,,,,,,,,,,,,,,,,,,,,,,,,,,,,,,,,,,,,,,,,,,,,,,,,,,,,,,,,,,,,,,,,,,,,,,,,,,,,,,,,,,,,,,,,,,,,,,,,,,,,,,,,,,,,,,,,,,,,,,,,,,,,,,,,,,,,,,,,,,,,,,,,,,,,,,,,,,,,,,,,,,2.54,2.33666666666667,2.05333333333333,2.02666666666667,1.98333333333333,1.96333333333333,1.99666666666667,2.03,2.01666666666667,2.02666666666667,2.06,2.13666666666667,2.33666666666667,2.59666666666667,2.87,3.31333333333333,3.54333333333333,3.83666666666667,4.14,4.43333333333333,4.39666666666667,4.47,4.80666666666667,4.39333333333333,2.75666666666667,1.63333333333333,1.38666666666667,1.11,0.976666666666667,0.903333333333333,1.15,1.29666666666667,1.63333333333333,2.14,2.49333333333333,2.94,3.38,3.33,3.27666666666667,3.05333333333333,2.79333333333333,2.60333333333333,2.35,2.16666666666667,2.00666666666667,1.91666666666667,1.69333333333333,1.50666666666667,1.27666666666667,1.16666666666667,1.20333333333333,1.12,1.03,1.04,1.14,1.03333333333333,0.806666666666667,0.686666666666667,0.71,0.593333333333333,0.436666666666667,0.433333333333333,0.496666666666667,0.513333333333333,0.593333333333333,0.596666666666667,0.646666666666667,0.676666666666667,0.576666666666667,0.646666666666667,0.613333333333333,0.64,0.63,0.65,0.623333333333333,0.636666666666667,0.616666666666667,0.443333333333333,0.53,1.30666666666667,2.28666666666667,,,,
Italy,136,"Financial, Interest Rates, Harmonized Euro Area Rates, Outstanding Amounts, Deposits, Non-Financial Corporations, Agreed Maturity, Up to 2 Years, Percent per annum",,,,,,,,,,,,,,,,,,,,,,,,,,,,,,,,,,,,,,,,,,,,,,,,,,,,,,,,,,,,,,,,,,,,,,,,,,,,,,,,,,,,,,,,,,,,,,,,,,,,,,,,,,,,,,,,,,,,,,,,,,,,,,,,,,,,,,,,,,,,,,,,,,,,,,,,,,,,,,,,,,,,,,,,,,,,,,,,,,,,,,,,,,,,,,,,,,,,,,,,,,,,,,,,,,,,,,,,,,,,,,,,,,,,,,,,,,,,,,,,,,,,,,,,,,,,,,,,,,,,,,,,,,,,,,,,,,,,,,,,,,,,,,,,,,,,,,,,,,,,,,,,,,,,,,,,,,,,,,,,,,,,,,,,,,,,,,,,,,,,,,,,,,,,,,,,,,,,,,,,,,,,,,,,,,,,,,,,,,,,,,,,,,,,,,,,,,,,,,,,,,,,,,,,,,,,,,,,,
Italy,136,"Financial, Interest Rates, Harmonized Euro Area Rates, Loans, Non-Financial Corporations, Up to 1 Year, Percent per annum",,,,,,,,,,,,,,,,,,,,,,,,,,,,,,,,,,,,,,,,,,,,,,,,,,,,,,,,,,,,,,,,,,,,,,,,,,,,,,,,,,,,,,,,,,,,,,,,,,,,,,,,,,,,,,,,,,,,,,,,,,,,,,,,,,,,,,,,,,,,,,,,,,,,,,,,,,,,,,,,,,,,,,,,,,,,,,,,,,,,,,,,,,,,,,,,,,,,,,,,,,,,,,,,,,,,,,,,,,,,,,,,,,,,,,,,,,,,,,,,,,,,,,,,,,,,,,,,,,,,,,,,,,,,,,,,,,,,,,,,,,,,,,,,,,,,,,,,,,,,,,,,,,,,,,,,,,,,,,,,,,,,,,,,,,,,,,,,,,,,,,,,,,,,,,,,,,,,,,,,,,,,,,,,,,,,,,,,,,,,,,,,,,,,,,,,,,,,,,,,,,,,,,,,,,,,,,,,,
Italy,136,"Financial, Interest Rates, Harmonized Euro Area Rates, Loans, Non-Financial Corporations, Up to 1 Year, Percent per annum",,,,,,,,,,,,,,,,,,,,,,,,,,,,,,,,,,,,,,,,,,,,,,,,,,,,,,,,,,,,,,,,,,,,,,,,,,,,,,,,,,,,,,,,,,,,,,,,,,,,,,,,,,,,,,,,,,,,,,,,,,,,,,,,,,,,,,,,,,,,,,,,,,,,,,,,,,,,,,,,,,,,,,,,,,,,,,,,,,,,,,,,,,,,,,,,,,,,,,,,,,,,,,,,,,,,,,,,,,,,,,,,,,,,,,,,,,,,,,,,,,,,,,,,,,,,,,,,,,,,,,,,,,,,,,,,,,,,,,,,,,,,,,,,,,,,,,,,,,,,,,,,,,,,,,,,,,,,,,,,,,,,,,,,,,,,,5.75,5.46,5.18666666666667,5.06,5.08,4.99,5.05666666666667,4.98666666666667,4.99666666666667,4.87666666666667,4.76333333333333,4.77333333333333,4.97666666666667,5.07666666666667,5.27666666666667,5.53,5.72666666666667,5.86666666666667,6.08666666666667,6.37,6.36666666666667,6.5,6.73,6.65,5.24,4.38,4.00666666666667,3.88333333333333,3.79333333333333,3.61333333333333,3.57,3.66,3.77666666666667,4.00666666666667,4.29,4.75333333333333,5.02333333333333,4.91,4.77,4.81333333333333,4.82666666666667,4.75666666666667,4.8,4.80333333333333,4.81,4.68333333333333,4.43333333333333,4.21,4.08333333333333,3.81,3.63666666666667,3.51333333333333,3.44333333333333,3.21,3.03,2.93333333333333,2.88333333333333,2.73666666666667,2.64,2.54666666666667,2.47,2.39,2.34666666666667,2.35333333333333,2.43,2.41333333333333,2.30666666666667,2.27,2.25333333333333,2.15333333333333,2.00666666666667,2.02,1.98,1.85666666666667,1.77,1.69,1.72,1.71333333333333,1.92666666666667,2.99666666666667,4.07,,,,
Italy,136,"Financial, Interest Rates, Harmonized Euro Area Rates, Loans, Non-Financial Corporations, Up to 1 Year, Percent per annum",,,,,,,,,,,,,,,,,,,,,,,,,,,,,,,,,,,,,,,,,,,,,,,,,,,,,,,,,,,,,,,,,,,,,,,,,,,,,,,,,,,,,,,,,,,,,,,,,,,,,,,,,,,,,,,,,,,,,,,,,,,,,,,,,,,,,,,,,,,,,,,,,,,,,,,,,,,,,,,,,,,,,,,,,,,,,,,,,,,,,,,,,,,,,,,,,,,,,,,,,,,,,,,,,,,,,,,,,,,,,,,,,,,,,,,,,,,,,,,,,,,,,,,,,,,,,,,,,,,,,,,,,,,,,,,,,,,,,,,,,,,,,,,,,,,,,,,,,,,,,,,,,,,,,,,,,,,,,,,,,,,,,,,,,,,,,,,,,,,,,,,,,,,,,,,,,,,,,,,,,,,,,,,,,,,,,,,,,,,,,,,,,,,,,,,,,,,,,,,,,,,,,,,,,,,,,,,,,
Italy,136,"Financial, Interest Rates, Government Securities, Government Bonds, Percent per annum",,,,,,,,,,,,,,,,,,,,,,,,,,,,,,,,,,,,,,,,,,,,,,,,,,,,,,,,,,,,,,,,,,,,,,,,,,,,,,,,,,,,,,,,,,,,,,,,,,,,,,,,,,,,,,,,,,,,,,,,,,,,,,,,,,,,,,,,,,,,,,,,,,,,,,,,,,,,,,,,,,,,,,,,,,,,,,,,,,,,,,,,,,,,,,,,,,,,,,,,,,,,,,,,,,,,,,,,,,,,,,,,,,,,,,,,,,,,,,,,,,,,,,,,,,,,,,,,,,,,,,,,,,,,,,,,,,,,,,,,,,,,,,,,,,,,,,,,,,,,,,,,,,,,,,,,,,,,,,,,,,,,,,,,,,,,,,,,,,,,,,,,,,,,,,,,,,,,,,,,,,,,,,,,,,,,,,,,,,,,,,,,,,,,,,,,,,,,,,,,,,,,,,,,,,,,,,,,,
Italy,136,"Financial, Interest Rates, Government Securities, Government Bonds, Percent per annum",,,,,,,,,,,,,,,,,,,,,,,,,,,,,,,,,,,,,,,,,,,,,,,,,,,,,,,,,,,,,,,,,,,,,,,,,,,,,,,,,,,,,,,,,,,,,,,,,,,,,,,,,,,,,,,,,,,,,,,,,,,,,,,,,,,,,,,,,,,,,,,,,,,,,,,,,,,,,,,,,,,,,,,,,,,,,,,,,,,,,,,,,,,,,,,,,,,,,,,,,,,,,,,,,,,,,,,,,,,,,,,,,,,,,,,,,,,,,,,,,14.2633333333333,15.04,15.5766666666667,16.13,16.5833333333333,18.9233333333333,20.7133333333333,21.21,20.5833333333333,20.6466666666667,20.04,19.59,19.09,18.2966666666667,18.1066666666667,17.7033333333333,16.31,15.6766666666667,15.3666666666667,15.0433333333333,13.3566666666667,13.79,13.99,13.7133333333333,13.5533333333333,11.34,10.7666666666667,10.2133333333333,9.88333333333333,10.2266666666667,11.1666666666667,11.29,10.5666666666667,10.8,11.1066666666667,11.11,11.81,12.5766666666667,13.0166666666667,13.74,13.99,13.48,13.22,13.4533333333333,13.7833333333333,13.1933333333333,13.27,12.8833333333333,12.6233333333333,12.79,13.8066666666667,13.85,13.13,12.4133333333333,10.11,9.09333333333333,8.96,9.63333333333333,11.39,12.0966666666667,12.7366666666667,12.6933333333333,11.8033333333333,11.5866666666667,10.5466666666667,9.87,9.36,7.82666666666667,7.53666666666667,7.37666666666667,6.51333333333333,6.02333333333333,5.33666666666667,5.14666666666667,4.76333333333333,4.29,4.08,4.33666666666667,5.11666666666667,5.37666666666667,5.68666666666667,5.54666666666667,5.59333333333333,5.47666666666667,5.16333333333333,5.37666666666667,5.28,4.93666666666667,5.25,5.35666666666667,4.85333333333333,4.68333333333333,4.24333333333333,4.05666666666667,4.24333333333333,4.45,4.27666666666667,4.46,4.32333333333333,3.97333333333333,3.74333333333333,3.53666666666667,3.39333333333333,3.55,3.72,4.27,4.17333333333333,4.02666666666667,4.24,4.54389333333333,4.63915,4.52622,4.3773,4.78063,4.90333333333333,4.66333333333333,4.54,4.46333333333333,4.19333333333333,4.05666666666667,4.02666666666667,4.02666666666667,3.89666666666667,4.19333333333333,4.78333333333333,4.80666666666667,5.49333333333333,6.61333333333333,5.71333333333333,5.78666666666667,5.69,4.78,4.44666666666667,4.20666666666667,4.46,4.15333333333333,3.64,3.09,2.60666666666667,2.23333333333333,1.51666666666667,1.79,1.93333333333333,1.61666666666667,1.49,1.47333333333333,1.22666666666667,1.76,2.24666666666667,2.16666666666667,2.15,1.88333333333333,2.01,2.23,2.92,3.28,2.75666666666667,2.51333333333333,1.31666666666667,1.21466666666667,1.26,1.673,1.06866666666667,0.67,0.636666666666667,0.8856,0.719,1.00366666666667,1.66466666666667,3.0201656,3.598,4.34383666666667,4.2509,4.20466666666667,,,
Italy,136,"Financial, Interest Rates, Government Securities, Government Bonds, Percent per annum",,,,,,,,,,,,,,,,,,,,,,,,,,,,,,,,,,,,,,,,,,,,,,,,,,,,,,,,,,,,,,,,,,,,,,,,,,,,,,,,,,,,,,,,,,,,,,,,,,,,,,,,,,,,,,,,,,,,,,,,,,,,,,,,,,,,,,,,,,,,,,,,,,,,,,,,,,,,,,,,,,,,,,,,,,,,,,,,,,,,,,,,,,,,,,,,,,,,,,,,,,,,,,,,,,,,,,,,,,,,,,,,,,,,,,,,,,,,,,,,,,,,,,,,,,,,,,,,,,,,,,,,,,,,,,,,,,,,,,,,,,,,,,,,,,,,,,,,,,,,,,,,,,,,,,,,,,,,,,,,,,,,,,,,,,,,,,,,,,,,,,,,,,,,,,,,,,,,,,,,,,,,,,,,,,,,,,,,,,,,,,,,,,,,,,,,,,,,,,,,,,,,,,,,,,,,,,,,,
Italy,136,"Financial, Interest Rates, Government Securities, Treasury Bills, Percent per annum",,,,,,,,,,,,,,,,,,,,,,,,,,,,,,,,,,,,,,,,,,,,,,,,,,,,,,,,,,,,,,,,,,,,,,,,,,,,,,,,,,,,,,,,,,,,,,,,,,,,,,,,,,,,,,,,,,,,,,,,,,,,,,,,,,,,,,,,,,,,,,,,,,,,,,,,,,,,,,,,,,,,,,,,,,,,,,,,,,,,,,,,,,,,,,,,,,,,,,,,,,,,,,,,,,,,,,,,,,,,,,,,,,,,,,,,,,,,,,,,,,,,,,,,,,,,,,,,,,,,,,,,,,,,,,,,,,,,,,,,,,,,,,,,,,,,,,,,,,,,,,,,,,,,,,,,,,,,,,,,,,,,,,,,,,,,,,,,,,,,,,,,,,,,,,,,,,,,,,,,,,,,,,,,,,,,,,,,,,,,,,,,,,,,,,,,,,,,,,,,,,,,,,,,,,,,,,,,,
Italy,136,"Financial, Interest Rates, Government Securities, Treasury Bills, Percent per annum",,,,,,,,,,,,,,,,,,,,,,,,,,,,,,,,,,,,,,,,,,,,,,,,,,,,,,,,,,,,,,,,,,,,,,,,,,,,,,,,,,,,,,,,,,,,,,,,,,,,,,,,,,,,,,,,,,,,,,,,,,,,,,,,,,,,,,,,,,,,,,,,,,,,,,,,,,,,,,,,,,,,,,,,,,,,,,,,,,,,,,,,,,,,,,,,,,,,,,,,,,,,,,,,,,,,,,,,,,,,,,,,,,,,,17.77,16.23,14.31,12.8866666666667,12.2766666666667,11.9666666666667,11.8666666666667,11.8466666666667,12.05,11.9566666666667,12.0566666666667,13.9833333333333,15.24,15.74,15.8033333333333,16.8766666666667,17.5533333333333,19.4533333333333,20.3733333333333,21.43,20.24,19.9483,18.6974666666667,18.8649,18.9533333333333,17.7954333333333,17.4671333333333,17.3633333333333,16.1133333333333,15.25,15.1602333333333,14.9454333333333,13.53,14.1683333333333,13.9539666666667,13.1944,13.35,11.4,10.5766666666667,10.29,9.99666666666667,9.87633333333334,11.1946333333333,11.8498666666667,11.0472666666667,10.7829333333333,11.3633666666667,11.5520333333333,12.1189333333333,11.967,12.8025333333333,13.4300666666667,12.9325666666667,12.1193333333333,11.7697666666667,12.6928,13.0090666666667,12.0626333333333,12.4417,12.6328666666667,12.4425,13.5335,16.1265,15.1691666666667,12.307,11.4595,9.62143333333333,8.93436666666667,8.77653333333333,8.51896666666667,9.50433333333333,9.86036666666667,10.676,11.1384666666667,10.8146,10.7693,9.69686666666667,8.69146666666667,8.407,7.0547,6.90153333333333,6.5492,6.2712,5.61146666666667,5.3953,4.8678,4.4278,3.6777,3.03613333333333,2.64963333333333,2.9007,3.43926666666667,3.81516666666667,4.4908,4.88556666666667,4.92003333333333,4.53503333333333,4.4117,4.051,3.2087,3.42533333333333,3.53583333333333,3.23463333333333,2.8614,2.41813333333333,2.1387,2.05373333333333,2.14136666666667,1.97986666666667,2.08613333333333,2.12356666666667,2.12843333333333,2.13656666666667,2.05686666666667,2.0762,2.41996666666667,2.6996,3.01873333333333,3.3808,3.63173333333333,3.86323333333333,4.11553333333333,4.1554,4.0087,3.87606666666667,4.21806666666667,4.37666666666667,2.56,1.36666666666667,1.05333333333333,0.656666666666667,0.743333333333333,0.71,1.08666666666667,1.16333333333333,1.57333333333333,1.64333333333333,1.91,2.86333333333333,4.72666666666667,1.67,2.51333333333333,2.06,1.33666666666667,1,0.743333333333333,0.9349,0.742766666666667,0.592,0.517733333333333,0.256666666666667,0.33,0.136666666666667,0.03,0.0613333333333333,-0.0333333333333333,-0.06,-0.156666666666667,-0.203333333333333,-0.25,-0.266666666666667,-0.323333333333333,-0.353333333333333,-0.4,-0.416666666666667,0.1,0.363333333333333,0.433333333333333,0.083,0.0213333333333333,-0.136666666666667,-0.196666666666667,-0.17,0.0966666666666667,-0.26,-0.486,-0.456666666666667,-0.476666666666667,-0.506666666666667,-0.51,-0.4389,0.2432,1.213,2.49386666666667,3.16326666666667,3.49666666666667,,,
Italy,136,"Financial, Interest Rates, Government Securities, Treasury Bills, Percent per annum",,,,,,,,,,,,,,,,,,,,,,,,,,,,,,,,,,,,,,,,,,,,,,,,,,,,,,,,,,,,,,,,,,,,,,,,,,,,,,,,,,,,,,,,,,,,,,,,,,,,,,,,,,,,,,,,,,,,,,,,,,,,,,,,,,,,,,,,,,,,,,,,,,,,,,,,,,,,,,,,,,,,,,,,,,,,,,,,,,,,,,,,,,,,,,,,,,,,,,,,,,,,,,,,,,,,,,,,,,,,,,,,,,,,,,,,,,,,,,,,,,,,,,,,,,,,,,,,,,,,,,,,,,,,,,,,,,,,,,,,,,,,,,,,,,,,,,,,,,,,,,,,,,,,,,,,,,,,,,,,,,,,,,,,,,,,,,,,,,,,,,,,,,,,,,,,,,,,,,,,,,,,,,,,,,,,,,,,,,,,,,,,,,,,,,,,,,,,,,,,,,,,,,,,,,,,,,,,,
Italy,136,"Financial, Interest Rates, Lending Rate, Percent per annum",,,,,,,,,,,,,,,,,,,,,,,,,,,,,,,,,,,,,,,,,,,,,,,,,,,,,,,,,,,,,,,,,,,,,,,,,,,,,,,,,,,,,,,,,,,,,,,,,,,,,,,,,,,,,,,,,,,,,,,,,,,,,,,,,,,,,,,,,,,,,,,,,,,,,,,,,,,,,,,,,,,,,,,,,,,,,,,,,,,,,,,,,,,,,,,,,,,,,,,,,,,,,,,,,,,,,,,,,,,,,,,,,,,,,,,,,,,,,,,,,,,,,,,,,,,,,,,,,,,,,,,,,,,,,,,,,,,,,,,,,,,,,,,,,,,,,,,,,,,,,,,,,,,,,,,,,,,,,,,,,,,,,,,,,,,,,,,,,,,,,,,,,,,,,,,,,,,,,,,,,,,,,,,,,,,,,,,,,,,,,,,,,,,,,,,,,,,,,,,,,,,,,,,,,,,,,,,,,
Italy,136,"Financial, Interest Rates, Lending Rate, Percent per annum",,,,,,,,,,,,,,,,,,,,,,,,,,,,,,,,,,,,,,,,,,,,,,,,,,,,,,,,,,,,,,,,,,,,,,,,,,,,,,,,,,,,,,,,,,,,,,,,,,,,,,,,,,,,,,,,,,,,,,,,,,,,,,,,,,,,,,,,,,,,,,,,,,,,,,,,,,,,,,,,,,,,,,,,,,,,,,,,,,,,,,,,,,,,,,,,,,,,,,,,,,,,,,,,,,,,,,,,,,,,,,,,,,,,,,,,,,,,,,,,,,,,,,,,,,,,,,,,,,,,,,,,,,,,,,,,,,,,,14.8215,15.1551666666667,15.0181666666667,15.0155,15.1891666666667,15.1531666666667,14.6048333333333,14.4618333333333,14.9488333333333,14.7928333333333,14.4365,14.4875,14.8758333333333,15.0951666666667,17.5805,18.5441666666667,16.4028333333333,15.0965,13.9778333333333,13.0341666666667,12.3238333333333,11.7828333333333,11.8871666666667,11.9415,12.2601666666667,13.3371666666667,13.6678333333333,13.6788333333333,13.4925,13.1698333333333,12.6565,11.9545,11.1668333333333,10.7078333333333,10.2414333333333,9.92183333333333,9.43766666666667,8.87453333333333,8.38483333333333,7.8754,6.83203333333333,6.29316666666667,6.04206666666667,6.21483333333333,6.3976,6.79703333333333,7.26816666666667,7.62816666666667,7.5615,7.43203333333333,7.2965,6.86096666666667,6.5665,6.5293,6.54873333333333,6.5015,6.19766666666667,5.92896666666667,5.6572,5.53756666666667,5.5554,5.46736666666667,5.53566666666667,5.46623333333333,5.46662666666667,5.34266666666667,5.2243,5.22214666666667,5.40493,5.49876,5.68007666666667,5.90335,6.07761666666667,6.20147,6.39670333333333,6.66301,6.65812333333333,6.77778333333333,6.99,6.92333333333333,5.59666666666667,4.76666666666667,4.39,4.27333333333333,4.18333333333333,4.01,3.93333333333333,4,4.2,4.41333333333333,4.67666666666667,5.10666666666667,5.35666666666667,5.25,5.12333333333333,5.16,5.19,5.12333333333333,5.13666666666667,5.12666666666667,5.14,5.01,4.76333333333333,4.55333333333333,4.45333333333333,4.16866666666667,4.004,3.891,3.828,3.58333333333333,3.34,3.23333333333333,3.18,3.04,2.94,2.84333333333333,2.77333333333333,2.69,2.63,2.62666666666667,2.7,2.66,2.54666666666667,2.50333333333333,2.49,2.37333333333333,2.22333333333333,2.22666666666667,2.15333333333333,2.06033333333333,1.97333333333333,1.91666666666667,1.94,1.91732,2.1045,3.096,4.115925,4.78666666666667,,,
Italy,136,"Financial, Interest Rates, Lending Rate, Percent per annum",,,,,,,,,,,,,,,,,,,,,,,,,,,,,,,,,,,,,,,,,,,,,,,,,,,,,,,,,,,,,,,,,,,,,,,,,,,,,,,,,,,,,,,,,,,,,,,,,,,,,,,,,,,,,,,,,,,,,,,,,,,,,,,,,,,,,,,,,,,,,,,,,,,,,,,,,,,,,,,,,,,,,,,,,,,,,,,,,,,,,,,,,,,,,,,,,,,,,,,,,,,,,,,,,,,,,,,,,,,,,,,,,,,,,,,,,,,,,,,,,,,,,,,,,,,,,,,,,,,,,,,,,,,,,,,,,,,,,,,,,,,,,,,,,,,,,,,,,,,,,,,,,,,,,,,,,,,,,,,,,,,,,,,,,,,,,,,,,,,,,,,,,,,,,,,,,,,,,,,,,,,,,,,,,,,,,,,,,,,,,,,,,,,,,,,,,,,,,,,,,,,,,,,,,,,,,,,,,
Italy,136,"Financial, Interest Rates, Money Market, Percent per annum",,,,,,,,,,,,,,,,,,,,,,,,,,,,,,,,,,,,,,,,,,,,,,,,,,,,,,,,,,,,,,,,,,,,,,,,,,,,,,,,,,,,,,,,,,,,,,,,,,,,,,,,,,,,,,,,,,,,,,,,,,,,,,,,,,,,,,,,,,,,,,,,,,,,,,,,,,,,,,,,,,,,,,,,,,,,,,,,,,,,,,,,,,,,,,,,,,,,,,,,,,,,,,,,,,,,,,,,,,,,,,,,,,,,,,,,,,,,,,,,,,,,,,,,,,,,,,,,,,,,,,,,,,,,,,,,,,,,,,,,,,,,,,,,,,,,,,,,,,,,,,,,,,,,,,,,,,,,,,,,,,,,,,,,,,,,,,,,,,,,,,,,,,,,,,,,,,,,,,,,,,,,,,,,,,,,,,,,,,,,,,,,,,,,,,,,,,,,,,,,,,,,,,,,,,,,,,,,,
Italy,136,"Financial, Interest Rates, Money Market, Percent per annum",,,,,,,,,,,,,,,,,,,,,,,,,,,,,,,,,,,,,,,,,,,,,,,,,,,,,,,,,,,,,,,,,,,,,,,,,,,,,,,,,,,,,,,,,,,,,,,,,,,,,,,,,,,,,,,,,,,,,,,,,,,,,,,,,,,,,,,,,,,,,,,,,,,,,,,,,,,,,,,,,,,,,,,,,,,,,,,,,,,,,,,,,,,,,,,,,,,,,,,,,,,,,6.18992784807873,5.47282193612904,5.46956236412796,5.39133262795294,5.48260065343613,4.91217549620343,4.67748628865626,5.16968171003991,6.03020880437953,5.99435350845609,7.45790148329885,7.60458223801583,9.0746493581646,13.8499228166322,17.1812057351971,16.8845846537621,13.4815911436762,10.4827846031217,9.41038530752418,8.22390098048016,10.5805717732589,17.5821331310976,16.509733836152,16.6466358738879,15.5611982889822,14.8929859622642,12.7449277984162,11.6986050814351,11.1575160751457,11.4736945905431,11.2878989682275,11.0336523267181,11.1118820628931,11.09558420028,11.0401714713722,13.1393360496626,16.6140401499655,16.4445423892852,16.6270784395997,17.4713076719781,17.3604822128586,19.3716383392967,19.7790848798512,20.1539356974613,20.4179610556259,20.2256462883303,19.5313573829959,18.6740898609833,18.9185577855116,18.1167029930588,17.543018263499,17.5625756977873,17.3637417858376,16.724865609085,16.5292912697883,16.9269590933618,15.8056662131846,15.1276751694854,14.3747139616122,14.3290799496855,16.0859894339623,13.5207060125786,11.7149029433962,11.1151416352201,11.7246816603774,10.5544951949686,11.2748606792453,11.4541371572327,10.7957035471698,10.6718397987421,11.105362918239,11.5747413333333,12.3048855345912,12.2429536603774,12.4189705660377,12.660178918239,12.9926552955975,12.0336666666667,11.3497666666667,12.626,13.1836333333333,11.7253666666667,11.8419,12.0843666666667,12.2207333333333,12.7602,16.4323666666667,14.6606666666667,11.8393,10.8389,9.32856666666667,8.79233333333333,8.4286,8.00973333333333,8.70733333333333,8.88096666666667,9.7437,10.7841,10.6129666666667,10.6861,9.94783333333333,9.10026666666667,8.66503333333333,7.55946666666667,7.3405,6.94526666666667,6.80956666666667,6.40823333333333,5.94143333333333,5.15046666666667,4.9141,3.94196666666667,3.0665,2.6191,2.69743333333333,3.42956666666667,3.53736666666667,4.2667,4.7385,5.02856666666667,4.74203333333333,4.58803333333333,4.253,3.4451,3.36063333333333,3.44233333333333,3.3506,3.111,2.69066666666667,2.35116666666667,2.13633333333333,2.14616666666667,2.05636333333333,2.07799,2.10974333333333,2.15663666666667,2.13340333333333,2.11957666666667,2.12755666666667,2.35408666666667,2.61599666666667,2.89718,3.23126666666667,3.60600666666667,3.82494333333333,4.06718333333333,4.52163666666667,4.7635,4.51007333333333,4.88033333333333,5.01333333333333,4.26666666666667,2.09,1.36666666666667,0.943333333333333,0.736666666666667,0.673333333333333,0.853333333333333,0.973333333333333,1.59,1.96333333333333,2.39666666666667,2.97333333333333,3.57,2.42,1.51,2,2.55,1.13,2.43,1,1.25,1,1.65,,,0.345,0.165,0.07,0.423333333333333,0.195333333333333,0.07,0.21,0.955,-0.166666666666667,,,0.425,0.2,,0.75,0.546666666666667,,0.11625,0.3133,,,,,,,,,,,,,,,,,,
Italy,136,"Financial, Interest Rates, Money Market, Percent per annum",,,,,,,,,,,,,,,,,,,,,,,,,,,,,,,,,,,,,,,,,,,,,,,,,,,,,,,,,,,,,,,,,,,,,,,,,,,,,,,,,,,,,,,,,,,,,,,,,,,,,,,,,,,,,,,,,,,,,,,,,,,,,,,,,,,,,,,,,,,,,,,,,,,,,,,,,,,,,,,,,,,,,,,,,,,,,,,,,,,,,,,,,,,,,,,,,,,,,,,,,,,,,,,,,,,,,,,,,,,,,,,,,,,,,,,,,,,,,,,,,,,,,,,,,,,,,,,,,,,,,,,,,,,,,,,,,,,,,,,,,,,,,,,,,,,,,,,,,,,,,,,,,,,,,,,,,,,,,,,,,,,,,,,,,,,,,,,,,,,,,,,,,,,,,,,,,,,,,,,,,,,,,,,,,,,,,,,,,,,,,,,,,,,,,,,,,,,,,,,,,,,,,,,,,,,,,,,,,
Italy,136,"Financial, Interest Rates, Harmonized Euro Area Rates, New Business, Loans, Households, Consumption, Floating Rate and up to 1 Year, Percent per annum",,,,,,,,,,,,,,,,,,,,,,,,,,,,,,,,,,,,,,,,,,,,,,,,,,,,,,,,,,,,,,,,,,,,,,,,,,,,,,,,,,,,,,,,,,,,,,,,,,,,,,,,,,,,,,,,,,,,,,,,,,,,,,,,,,,,,,,,,,,,,,,,,,,,,,,,,,,,,,,,,,,,,,,,,,,,,,,,,,,,,,,,,,,,,,,,,,,,,,,,,,,,,,,,,,,,,,,,,,,,,,,,,,,,,,,,,,,,,,,,,,,,,,,,,,,,,,,,,,,,,,,,,,,,,,,,,,,,,,,,,,,,,,,,,,,,,,,,,,,,,,,,,,,,,,,,,,,,,,,,,,,,,,,,,,,,,,,,,,,,,,,,,,,,,,,,,,,,,,,,,,,,,,,,,,,,,,,,,,,,,,,,,,,,,,,,,,,,,,,,,,,,,,,,,,,,,,,,,
Italy,136,"Financial, Interest Rates, Harmonized Euro Area Rates, New Business, Loans, Households, Consumption, Floating Rate and up to 1 Year, Percent per annum",,,,,,,,,,,,,,,,,,,,,,,,,,,,,,,,,,,,,,,,,,,,,,,,,,,,,,,,,,,,,,,,,,,,,,,,,,,,,,,,,,,,,,,,,,,,,,,,,,,,,,,,,,,,,,,,,,,,,,,,,,,,,,,,,,,,,,,,,,,,,,,,,,,,,,,,,,,,,,,,,,,,,,,,,,,,,,,,,,,,,,,,,,,,,,,,,,,,,,,,,,,,,,,,,,,,,,,,,,,,,,,,,,,,,,,,,,,,,,,,,,,,,,,,,,,,,,,,,,,,,,,,,,,,,,,,,,,,,,,,,,,,,,,,,,,,,,,,,,,,,,,,,,,,,,,,,,,,,,,,,,,,,,,,,,,,,9.72,10.1066666666667,10.25,10.3466666666667,10.1066666666667,10.2733333333333,10.72,10.4966666666667,10.3533333333333,10.03,10.3066666666667,9.62,10.07,10.3533333333333,11.1966666666667,10.33,10.2066666666667,10.4,10.5366666666667,10.8533333333333,10.8466666666667,10.9266666666667,10.5833333333333,11.0333333333333,10.2433333333333,9.63,9.84666666666667,9.18666666666667,9.21333333333333,8.3,6.87,5.59,5.42,5.51666666666667,5.85333333333333,6.09333333333333,6.33333333333333,5.96333333333333,5.88666666666667,5.97,5.92333333333333,5.85333333333333,6.18,5.9,6.22333333333333,5.75666666666667,5.82666666666667,5.49,5.44333333333333,5.12666666666667,5.17666666666667,5.10333333333333,5.09666666666667,4.7,4.68666666666667,4.38666666666667,4.12,3.61666666666667,3.94333333333333,3.9,3.87,3.68,3.65333333333333,3.61666666666667,3.62,3.57,3.86666666666667,3.79666666666667,3.5,3.22,3.48,3.62666666666667,3.68333333333333,3.59333333333333,3.79666666666667,4.02333333333333,4.10666666666667,4.07333333333333,4.32,4.92333333333333,5.59666666666667,,,,
Italy,136,"Financial, Interest Rates, Harmonized Euro Area Rates, New Business, Loans, Households, Consumption, Floating Rate and up to 1 Year, Percent per annum",,,,,,,,,,,,,,,,,,,,,,,,,,,,,,,,,,,,,,,,,,,,,,,,,,,,,,,,,,,,,,,,,,,,,,,,,,,,,,,,,,,,,,,,,,,,,,,,,,,,,,,,,,,,,,,,,,,,,,,,,,,,,,,,,,,,,,,,,,,,,,,,,,,,,,,,,,,,,,,,,,,,,,,,,,,,,,,,,,,,,,,,,,,,,,,,,,,,,,,,,,,,,,,,,,,,,,,,,,,,,,,,,,,,,,,,,,,,,,,,,,,,,,,,,,,,,,,,,,,,,,,,,,,,,,,,,,,,,,,,,,,,,,,,,,,,,,,,,,,,,,,,,,,,,,,,,,,,,,,,,,,,,,,,,,,,,,,,,,,,,,,,,,,,,,,,,,,,,,,,,,,,,,,,,,,,,,,,,,,,,,,,,,,,,,,,,,,,,,,,,,,,,,,,,,,,,,,,,
Italy,136,"Financial, Interest Rates, Deposit, Percent per annum",,,,,,,,,,,,,,,,,,,,,,,,,,,,,,,,,,,,,,,,,,,,,,,,,,,,,,,,,,,,,,,,,,,,,,,,,,,,,,,,,,,,,,,,,,,,,,,,,,,,,,,,,,,,,,,,,,,,,,,,,,,,,,,,,,,,,,,,,,,,,,,,,,,,,,,,,,,,,,,,,,,,,,,,,,,,,,,,,,,,,,,,,,,,,,,,,,,,,,,,,,,,,,,,,,,,,,,,,,,,,,,,,,,,,,,,,,,,,,,,,,,,,,,,,,,,,,,,,,,,,,,,,,,,,,,,,,,,,,,,,,,,,,,,,,,8.34065,8.69483333333333,8.46566666666667,8.20983333333333,7.48676666666667,7.0163,6.7032,6.26723333333333,5.95693333333333,5.88726666666667,5.99366666666667,6.33326666666667,6.6441,6.8179,6.88413333333333,6.80896666666667,6.357,5.90286666666667,5.42393333333333,5.08063333333333,4.57533333333333,4.23676666666667,3.77143333333333,3.28523333333333,2.99666666666667,2.57503333333333,1.89223333333333,1.59943333333333,1.4639,1.47113333333333,1.56333333333333,1.70333333333333,1.94223333333333,2.14113333333333,2.17833333333333,2.10443333333333,1.97443333333333,1.58333333333333,1.44166666666667,1.46166666666667,1.4561,1.36233333333333,1.16066666666667,1.00266666666667,0.813333333333333,0.805,0.795,,,,,,,,,,,,,,,,,,,,,,,,,,,,,,,,,,,,,,,,,,,,,,,,,,,,,,,,,,,,,,,,,,,,,,,,,,,,,,,,
Italy,136,"Financial, Interest Rates, Harmonized Euro Area Rates, New Business, Loans, Households, House Purchase, Over 5 Years, Percent per annum",,,,,,,,,,,,,,,,,,,,,,,,,,,,,,,,,,,,,,,,,,,,,,,,,,,,,,,,,,,,,,,,,,,,,,,,,,,,,,,,,,,,,,,,,,,,,,,,,,,,,,,,,,,,,,,,,,,,,,,,,,,,,,,,,,,,,,,,,,,,,,,,,,,,,,,,,,,,,,,,,,,,,,,,,,,,,,,,,,,,,,,,,,,,,,,,,,,,,,,,,,,,,,,,,,,,,,,,,,,,,,,,,,,,,,,,,,,,,,,,,,,,,,,,,,,,,,,,,,,,,,,,,,,,,,,,,,,,,,,,,,,,,,,,,,,,,,,,,,,,,,,,,,,,,,,,,,,,,,,,,,,,,,,,,,,,,,,,,,,,,,,,,,,,,,,,,,,,,,,,,,,,,,,,,,,,,,,,,,,,,,,,,,,,,,,,,,,,,,,,,,,,,,,,,,,,,,,,,
Italy,136,"Financial, Interest Rates, Harmonized Euro Area Rates, New Business, Loans, Households, House Purchase, Over 5 Years, Percent per annum",,,,,,,,,,,,,,,,,,,,,,,,,,,,,,,,,,,,,,,,,,,,,,,,,,,,,,,,,,,,,,,,,,,,,,,,,,,,,,,,,,,,,,,,,,,,,,,,,,,,,,,,,,,,,,,,,,,,,,,,,,,,,,,,,,,,,,,,,,,,,,,,,,,,,,,,,,,,,,,,,,,,,,,,,,,,,,,,,,,,,,,,,,,,,,,,,,,,,,,,,,,,,,,,,,,,,,,,,,,,,,,,,,,,,,,,,,,,,,,,,,,,,,,,,,,,,,,,,,,,,,,,,,,,,,,,,,,,,,,,,,,,,,,,,,,,,,,,,,,,,,,,,,,,,,,,,,,,,,,,,,,,,,,,,,,,,5.45333333333333,5.12,4.99,4.95333333333333,5.03666666666667,5.13666666666667,5.08333333333333,4.56666666666667,4.48,4.13666666666667,4.01333333333333,4.11666666666667,4.39333333333333,4.70333333333333,5.1,5.15333333333333,5.33333333333333,5.57333333333333,5.68333333333333,5.69,5.50666666666667,5.63666666666667,5.83666666666667,5.52666666666667,4.74666666666667,4.42333333333333,4.36666666666667,4.11,4.25333333333333,4.07333333333333,3.93333333333333,3.81,4.18666666666667,4.43333333333333,4.21333333333333,4.32333333333333,5.13,4.86,4.66333333333333,4.62,4.54,4.37,4.55333333333333,4.40333333333333,4.39,4.27333333333333,3.95333333333333,3.28666666666667,3.07333333333333,2.94,2.98333333333333,2.79333333333333,2.60666666666667,2.34333333333333,2.11666666666667,2.07,2.10333333333333,2.03666666666667,2.03,1.87666666666667,1.78,1.69,1.68333333333333,1.78,1.81,1.67666666666667,1.52,1.30666666666667,1.38666666666667,1.47333333333333,1.32666666666667,1.32333333333333,1.32666666666667,1.65333333333333,1.82333333333333,1.96333333333333,2.01666666666667,2.24666666666667,2.58,3.31333333333333,3.84333333333333,,,,
Italy,136,"Financial, Interest Rates, Harmonized Euro Area Rates, New Business, Loans, Households, House Purchase, Over 5 Years, Percent per annum",,,,,,,,,,,,,,,,,,,,,,,,,,,,,,,,,,,,,,,,,,,,,,,,,,,,,,,,,,,,,,,,,,,,,,,,,,,,,,,,,,,,,,,,,,,,,,,,,,,,,,,,,,,,,,,,,,,,,,,,,,,,,,,,,,,,,,,,,,,,,,,,,,,,,,,,,,,,,,,,,,,,,,,,,,,,,,,,,,,,,,,,,,,,,,,,,,,,,,,,,,,,,,,,,,,,,,,,,,,,,,,,,,,,,,,,,,,,,,,,,,,,,,,,,,,,,,,,,,,,,,,,,,,,,,,,,,,,,,,,,,,,,,,,,,,,,,,,,,,,,,,,,,,,,,,,,,,,,,,,,,,,,,,,,,,,,,,,,,,,,,,,,,,,,,,,,,,,,,,,,,,,,,,,,,,,,,,,,,,,,,,,,,,,,,,,,,,,,,,,,,,,,,,,,,,,,,,,,
Italy,136,"Gross Domestic Product, Deflator, Index",,,,,,,,,,,,,,,,,,,,,,,,,,,,,,,,,,,,,,,,,,,,,,,,,,,,,,,,,,,,,,,,,,,,,,,,,,,,,,,,,,,,,,,,,,,,,,,,,,,,,,,,,,,,,,,,,,,,,,,,,,,,,,,,,,,,,,,,,,,,,,,,,,,,,,,,,,,,,,,,,,,,,,,,,,,,,,,,,,,,,,,,,,,,,,,,,,,,,,,,,,,,,,,,,,,,,,,,,,,,,,,,,,,,,,,,,,,,,,,,,,,,,,,,,,,,,,,,,,,,,,,,,,,,,,,,,,,,,,,,,,,,,,,,,,,,,,,,,,,,,,,,,,,,,,,,,,,,,,,,,,,,,,,,,,,,,,,,,,,,,,,,,,,,,,,,,,,,,,,,,,,,,,,,,,,,,,,,,,,,,,,,,,,,,,,,,,,,,,,,,,,,,,,,,,,,,,,,2010,
Italy,136,"Gross Domestic Product, Nominal, Domestic Currency",,,,,,,,,,,,,,,,,,,,,,,,,,,,,,,,,,,,,,,,,,,,,,,,,,,,,,,,,,,,,,,,,,,,,,,,,,,,,,,,,,,,,,,,,,,,,,,,,,,,,,,,,,,,,,,,,,,,,,,,,,,,,,,,,,,,,,,,,,,,,,,,,,,,,,,,,,,,,,,,,,,,,,,,,,,,,,,,,,,,,,,,,,,,,,,,,,,,,,,,,,,,,,,,,,,,,,,,,,,,,,,,,,,,,,,,,,,,,,,,,,,,,,,,,,,,,,,,,,,,,,,,,,,,,,,,,,,,,,,,,,,,,,,,,,,,,,,,,,,,,,,,,,,,,,,,,,,,,,,,,,,,,,,,,,,,,,,,,,,,,,,,,,,,,,,,,,,,,,,,,,,,,,,,,,,,,,,,,,,,,,,,,,,,,,,,,,,,,,,,,,,,,,,,,,,,,,,,,
Italy,136,"Gross Domestic Product, Real, Domestic Currency",,,,,,,,,,,,,,,,,,,,,,,,,,,,,,,,,,,,,,,,,,,,,,,,,,,,,,,,,,,,,,,,,,,,,,,,,,,,,,,,,,,,,,,,,,,,,,,,,,,,,,,,,,,,,,,,,,,,,,,,,,,,,,,,,,,,,,,,,,,,,,,,,,,,,,,,,,,,,,,,,,,,,,,,,,,,,,,,,,,,,,,,,,,,,,,,,,,,,,,,,,,,,,,,,,,,,,,,,,,,,,,,,,,,,,,,,,,,,,,,,,,,,,,,,,,,,,,,,,,,,,,,,,,,,,,,,,,,,,,,,,,,,,,,,,,,,,,,,,,,,,,,,,,,,,,,,,,,,,,,,,,,,,,,,,,,,,,,,,,,,,,,,,,,,,,,,,,,,,,,,,,,,,,,,,,,,,,,,,,,,,,,,,,,,,,,,,,,,,,,,,,,,,,,,,,,,,,,2010,
Italy,136,"Gross Domestic Product, Real, Unadjusted, Domestic Currency",,,,,,,,,,,,,,,,,,,,,,,,,,,,,,,,,,,,,,,,,,,,,,,,,,,,,,,,,,,,,,,,,,,,,,,,,,,,,,,,,,,,,,,,,,,,,,,,,,,,,,,,,,,,,,,,,,,,,,,,,,,,,,,,,,,,,,,,,,,,,,,,,,,,,,,,,,,,,,,,,,,,,,,,,,,,,,,,,,,,,,,,,,,,,,,,,,,,,,,,,,,,,,,,,,,,,,,,,,,,,,,,,,,,,,,,,,,,,,,,,,,,,,,,,,,,,,,,,,,,,,,,,,,,,,,,,,,,,,,,,,,,,,,,,,,,,,,,,,,,,,,,,348536040510.87,361055988911.75,350884148202.09,367923451309.94,344372664950.67,367949133737.81,358297432748.7,383924732772.57,356424026636.4,376124142161.66,365793879442.71,382537411293.3,359017669627.06,379444889493.09,370322829782.08,396167066357.87,375856499277.79,394024135865.15,383202896622.14,408858889468.35,390108741549.9,403809705333.61,389019355048.93,409483170022.8,384965294438.14,403965963621.88,393060527408.37,414471864043.54,386978777968.39,403344881611.57,392982445301.65,415370184570.12,390571025251.61,411032112055.49,399686876024.01,420143917610.31,391414876453.14,415037818205.01,405227883356.26,423013293920,402345054346.25,420563209115.91,410179888194.32,430877008740.07,411759028246.6,428820156714.4,416708493064.32,431420290868.15,415315997469.55,428487978498.95,413647015957.14,415010348355.42,383549186061.7,397908485487.36,395735639199.54,406945783778.91,386645094555.7,407449272255,402775728905.96,414409304283.34,395000632573.28,413921996677.55,405146602705.41,408605922257.55,386070861809.42,398959583533.59,392062205340.29,397211108792.05,373891087984.32,389744671967.97,388253868178.6,393427325160.3,374740771825.15,389016156504.8,388746255825.07,392743401165.3,375463454649.03,391291168055.15,391208194057.41,399309541891.42,381117351774.12,397316848898.02,395897918276.76,403082130618.72,389895379841.42,402807243973.13,400982944920.72,410037552980.51,394168822949.65,406916056133.46,403729835805.18,413755202008.61,396353146366.41,409595871665.99,408152387514.79,412289704347.8,371508360756.63,336916858582.08,383271100871.98,388659048460.09,373606793856,394724899254.25,402344772121.77,413104392352.85,397769631042.16,414604603624.96,412056022476.61,417552250191.03,405631934739.82,,,2010,
Italy,136,"Gross Domestic Product, Nominal, Unadjusted, Domestic Currency",,,,,,,,,,,,,,,,,,,,,,,,,,,,,,,,,,,,,,,,,,,,,,,,,,,,,,,,,,,,,,,,,,,,,,,,,,,,,,,,,,,,,,,,,,,,,,,,,,,,,,,,,,,,,,,,,,,,,,,,,,,,,,,,,,,,,,,,,,,,,,,,,,,,,,,,,,,,,,,,,,,,,,,,,,,,,,,,,,,,,,,,,,,,,,,,,,,,,,,,,,,,,,,,,,,,,,,,,,,,,,,,,,,,,,,,,,,,,,,,,,,,,,,,,,,,,,,,,,,,,,,,,,,,,,,,,,,,,,,,,,,,,,,,,,,,,,,,,,,,,227936800000,244875900000,242515500000,272915000000,247324000000,260951000000,255581800000,282013800000,251991000000,272194400000,268228700000,299943200000,265862900000,285573500000,278361400000,309058400000,273044800000,292634300000,286761100000,322709200000,289624000000,309477300000,302363200000,340048400000,306667000000,325926200000,317706800000,353836900000,314719500000,337468900000,331875100000,366195400000,325045900000,347599500000,343829900000,378217900000,337244800000,365421300000,355594300000,394058700000,347539000000,373989300000,365618200000,406488700000,363056600000,388697500000,380652100000,420280600000,380316900000,403298600000,395954200000,435270100000,392486600000,416094200000,403503700000,425615100000,373079300000,392538600000,390129200000,421508800000,376119700000,403323900000,399609000000,432226800000,390160200000,414618000000,409723000000,434254600000,387102100000,406474900000,402756200000,428025600000,378261300000,402779500000,403462100000,428247400000,385310000000,405720400000,405684500000,430690700000,388452800000,412482100000,414081300000,440338900000,400525800000,424022100000,422517200000,448721700000,410590200000,432014000000,431300200000,462688500000,421653000000,442066000000,437986700000,469685400000,427420700000,446195500000,446498100000,476534200000,405300200000,375257400000,425402700000,455059600000,412471900000,440575700000,450511800000,484116200000,446222400000,474921900000,471633200000,516376000000,481182100000,,,,
Italy,136,"Gross Domestic Product, Nominal, Seasonally Adjusted, Domestic Currency",,,,,,,,,,,,,,,,,,,,,,,,,,,,,,,,,,,,,,,,,,,,,,,,,,,,,,,,,,,,,,,,,,,,,,,,,,,,,,,,,,,,,,,,,,,,,,,,,,,,,,,,,,,,,,,,,,,,,,,,,,,,,,,,,,,,,,,,,,,,,,,,,,,,,,,,,,,,,,,,,,,,,,,,,,,,,,,,,,,,,,,,,,,,,,,,,,,,,,,,,,,,,,,,,,,,,,,,,,,,,,,,,,,,,,,,,,,,,,,,,,,,,,,,,,,,,,,,,,,,,,,,,,,,,,,,,,,,,,,,,,,,,,,,,,,,,,,,,,,,,239678200000,244974500000,249849400000,255499900000,258647100000,261094200000,262545400000,263316500000,266999900000,271149300000,275362400000,279900400000,280845600000,284680300000,285218900000,287188300000,288921100000,290755100000,294207100000,299655100000,304332900000,309182000000,311585500000,318345900000,322548800000,324945500000,326928500000,329286600000,333028100000,336106600000,339507700000,341116900000,343929800000,347003300000,351757600000,352783000000,356837400000,363193800000,362902400000,367063400000,367178600000,371039200000,374980400000,381041800000,380640100000,386469700000,390701500000,397024700000,397540800000,400603300000,405271200000,411151800000,413594400000,414588400000,409648000000,399567800000,393702400000,391995500000,394150300000,396269000000,396922200000,401042000000,403771500000,407753100000,412114700000,412813900000,413042800000,411509300000,408223300000,406715100000,405423600000,404108300000,400543400000,403098200000,404185200000,404684700000,406824600000,406389400000,407122700000,408177900000,409863900000,412399500000,414983100000,417064900000,421547700000,422841700000,425418500000,426986800000,429276800000,433093800000,436172600000,440303300000,440853700000,443315900000,442725700000,444438500000,446933500000,448786700000,450453300000,450270900000,423800500000,378443300000,429302700000,428086700000,429998400000,441878100000,455424000000,458556800000,466071400000,476624800000,476500200000,490770500000,502022500000,,,,
Italy,136,"Gross Domestic Product, Real, Seasonally Adjusted, Domestic Currency",,,,,,,,,,,,,,,,,,,,,,,,,,,,,,,,,,,,,,,,,,,,,,,,,,,,,,,,,,,,,,,,,,,,,,,,,,,,,,,,,,,,,,,,,,,,,,,,,,,,,,,,,,,,,,,,,,,,,,,,,,,,,,,,,,,,,,,,,,,,,,,,,,,,,,,,,,,,,,,,,,,,,,,,,,,,,,,,,,,,,,,,,,,,,,,,,,,,,,,,,,,,,,,,,,,,,,,,,,,,,,,,,,,,,,,,,,,,,,,,,,,,,,,,,,,,,,,,,,,,,,,,,,,,,,,,,,,,,,,,,,,,,,,,,,,,,,,,,,,,,,,,,357430130262.29,356966247689.38,357406611575.77,356215437140.95,357479895802.96,362298310222.27,364805025906.23,371363917202.71,368556350480.79,370710568091.2,371220735439.18,369184017186.61,371729585740.71,373018315687.21,376310273276.68,381812611099.96,386061779230.76,389215446943.49,391607579586.73,397486216394.32,399854265902.57,398454151456.71,397192044663.34,396398712329.68,397056388879.5,398494415448.03,399310607944.99,401004423748.1,399582578035.9,399051243870.06,398717560745.72,402229088792.53,403288746732.34,404887735191.41,404671363275.43,405966866603.65,404922072473.73,408200483299.76,410792524778.41,411423201876.11,412038732939.69,414954203395.35,416943319826.4,422349513259.2,421191170910.75,422335590196.78,423216223894.8,421696446371.93,426610628882.74,422559017718.71,417211809151.7,405787560137.63,395665399684.01,393694063379.97,396191089365.08,397498446111.31,398852652081.09,401631337855.96,403421674348.55,405583135714.41,407685518139.73,407868681670.34,405877401520.14,401953167562.29,397390448302.82,394655319135.38,392635252112.87,389725520216.72,385940234658.83,386085768291.01,386922563157.36,386131770841.84,386793492605.74,386608071281.23,387141851390.47,385748510326.32,387116074910.04,388600668477.88,389281111116.25,391291300290.42,392770343448.24,393399233125.76,395484588022.05,396697870022.2,398753497298.72,400469985115.64,402224479129.97,404386504944.31,403951597393.2,404132126830.92,404642106029.4,405823308541.14,406533196575.04,407496992348.59,407746854874.17,404461482516.93,381011188338.13,335216730844.91,382827301311.15,380113809335.31,381853345465.01,391395158810.09,402705012932.93,406233380359.29,406601682990.18,411156970344.71,412703465095.47,412266111600.96,414832564748.68,413419091688.87,,2010,
Italy,136,"Gross Domestic Product, Deflator, Seasonally Adjusted, Index",,,,,,,,,,,,,,,,,,,,,,,,,,,,,,,,,,,,,,,,,,,,,,,,,,,,,,,,,,,,,,,,,,,,,,,,,,,,,,,,,,,,,,,,,,,,,,,,,,,,,,,,,,,,,,,,,,,,,,,,,,,,,,,,,,,,,,,,,,,,,,,,,,,,,,,,,,,,,,,,,,,,,,,,,,,,,,,,,,,,,,,,,,,,,,,,,,,,,,,,,,,,,,,,,,,,,,,,,,,,,,,,,,,,,,,,,,,,,,,,,,,,,,,,,,,,,,,,,,,,,,,,,,,,,,,,,,,,,,,,,,,,,,,,,,,,,,,,,,,,,,,,,72.3646098640366,73.1441910959953,73.4601147558824,73.9222383148589,74.6911673538233,74.8431314574596,75.4837723779391,75.3726155161191,76.2032504333391,76.7948716670321,76.8344248880069,77.7917645617049,77.725209808038,77.9483552069051,78.1838127360681,78.4840084450011,78.8318770617478,79.4390250216291,79.5675381693728,80.091597980908,80.6684045991142,81.5533756545032,82.3117834198013,83.0714122867757,83.8761450832449,84.3460156610063,85.0253741894452,85.0675340686641,86.0742076811213,86.9590340983543,88.2242341009403,87.7089566852054,88.4838546514449,89.7043649211086,89.6803178765332,90.4191176068112,90.6808707432829,90.8983607787852,91.2842405995318,92.6176188706516,92.3817674385759,93.1376021785093,93.7082504536359,94.0059406235502,94.3870080207049,94.8563944105578,95.7619994967474,97.5016635879513,96.9511018849097,98.1159342101545,98.18926686252,98.4694527698133,99.5061125446658,99.5707977257438,99.4871360228819,99.6929471127631,99.5182376953207,99.8555105745651,100.088966490601,100.537285239513,101.088695533929,101.214730733642,101.767699187612,102.379727728735,102.728308231632,103.058094231102,103.259378632816,103.692822529939,103.786124341146,104.408735678163,104.463872684001,104.807176088702,105.181126602076,105.119001268612,105.163484234763,105.816891748676,105.878610600888,106.126626130439,106.604822287509,106.589204317392,107.329178853037,107.486537316095,107.571340167282,107.637685766162,107.657101744908,108.148815210677,108.442532983159,108.884248361381,109.137733731448,109.69825082712,109.414135179713,109.517735937604,109.940235956557,110.134996252331,110.476249997642,111.328531914197,111.232963245919,112.897650914235,112.142565958757,112.623198896877,112.610791457094,112.900742860058,113.093761427782,112.882677603542,114.628617056458,115.925439177464,115.460848061272,119.044842162527,121.020825669228,,,2010,
